tiempo_s,x_odom,y_odom,phi_odom,vel_izq_radps,vel_der_radps,ps_front_max,waypoint_idx,casi_colision,x_gps,y_gps
0.064,-0.7,-0.7,0.0,-4.981,4.981,57.19,1,0,,
0.128,-0.6999,-0.7,0.2501,-4.188,4.188,67.41,1,0,,
0.192,-0.6999,-0.7,0.458,-3.529,3.529,68.6,1,0,,
0.256,-0.6999,-0.7,0.6363,-2.963,2.963,69.65,1,0,,
0.32,-0.6999,-0.6999,0.7873,-2.485,2.485,73.4,1,0,,
0.384,-0.6999,-0.6999,0.9111,-2.092,2.092,71.56,1,0,,
0.448,-0.6999,-0.6999,1.0151,-1.762,1.762,70.67,1,0,,
0.512,-0.6999,-0.6999,1.1042,-1.48,1.48,70.87,1,0,,
0.576,-0.6999,-0.6999,1.1785,-1.244,1.244,70.39,1,0,,
0.64,-0.6999,-0.6999,1.2428,-1.04,1.04,68.6,1,0,,
0.704,-0.6999,-0.6999,1.2973,-0.868,0.868,68.43,1,0,,
0.768,-0.6999,-0.6999,1.3394,-0.734,0.734,72.01,1,0,,
0.832,-0.6999,-0.7,1.3765,-0.616,0.616,69.19,1,0,,
0.896,-0.6999,-0.7,1.4062,-0.522,0.522,70.08,1,0,,
0.96,-0.6999,-0.6999,1.4335,-0.436,0.436,71.07,1,0,,
1.024,-0.6999,-0.7,1.4558,-0.365,0.365,72.39,1,0,,
1.088,-0.6999,-0.7,1.4756,6.28,6.28,70.33,1,0,,
1.152,-0.6991,-0.6917,1.4756,6.28,6.28,68.39,1,0,,
1.216,-0.6983,-0.6836,1.4731,6.28,6.28,68.5,1,0,,
1.28,-0.6983,-0.6813,1.7009,0.407,-0.407,69.36,1,0,,
1.344,-0.6985,-0.6788,1.5845,6.28,6.28,71.4,1,0,,
1.408,-0.6986,-0.6704,1.5746,6.28,6.28,68.24,1,0,,
1.472,-0.6975,-0.6576,1.3963,-0.561,0.561,70.75,1,0,,
1.536,-0.6976,-0.6583,1.4533,-0.381,0.381,69.12,1,0,,
1.6,-0.6977,-0.6588,1.4929,6.28,6.28,70.98,1,0,,
1.664,-0.6972,-0.6515,1.5226,6.28,6.28,70.0,1,0,,
1.728,-0.6968,-0.6434,1.5275,6.28,6.28,69.17,1,0,,
1.792,-0.6965,-0.6352,1.5251,6.28,6.28,69.04,1,0,,
1.856,-0.6961,-0.627,1.5251,6.28,6.28,74.51,1,0,,
1.92,-0.6957,-0.6188,1.5275,6.28,6.28,72.37,1,0,,
1.984,-0.6954,-0.6106,1.5275,6.28,6.28,69.55,1,0,,
2.048,-0.695,-0.6024,1.5275,6.28,6.28,71.02,1,0,,
2.112,-0.6946,-0.5942,1.5251,6.28,6.28,70.19,1,0,,
2.176,-0.6943,-0.586,1.5251,6.28,6.28,69.59,1,0,,
2.24,-0.6939,-0.5778,1.5275,6.28,6.28,69.78,1,0,,
2.304,-0.6936,-0.5696,1.5275,6.28,6.28,71.92,1,0,,
2.368,-0.6932,-0.5614,1.5251,6.28,6.28,71.75,1,0,,
2.432,-0.6928,-0.5532,1.5251,6.28,6.28,70.14,1,0,,
2.496,-0.6924,-0.5449,1.5251,6.28,6.28,68.97,1,0,,
2.56,-0.6921,-0.5368,1.5275,6.28,6.28,74.18,1,0,,
2.624,-0.6917,-0.5285,1.5275,6.28,6.28,70.8,1,0,,
2.688,-0.6914,-0.5204,1.5251,6.28,6.28,70.15,1,0,,
2.752,-0.691,-0.5121,1.5251,6.28,6.28,69.08,1,0,,
2.816,-0.6906,-0.504,1.5275,6.28,6.28,70.26,1,0,,
2.88,-0.6903,-0.4957,1.5275,6.28,6.28,70.12,1,0,,
2.944,-0.6899,-0.4875,1.5275,6.28,6.28,71.35,1,0,,
3.008,-0.6895,-0.4793,1.5251,6.28,6.28,67.89,1,0,,
3.072,-0.6892,-0.4711,1.5251,6.28,6.28,69.7,1,0,,
3.136,-0.6888,-0.4629,1.5275,6.28,6.28,72.22,1,0,,
3.2,-0.6884,-0.4547,1.5275,6.28,6.28,68.79,1,0,,
3.264,-0.6881,-0.4465,1.5251,6.28,6.28,72.32,1,0,,
3.328,-0.6877,-0.4383,1.5251,6.28,6.28,71.37,1,0,,
3.392,-0.6873,-0.4301,1.5251,6.28,6.28,74.47,1,0,,
3.456,-0.687,-0.4219,1.5275,6.28,6.28,70.49,1,0,,
3.52,-0.6866,-0.4137,1.5275,6.28,6.28,67.73,1,0,,
3.584,-0.6862,-0.4055,1.5251,6.28,6.28,70.57,1,0,,
3.648,-0.6859,-0.3973,1.5251,6.28,6.28,69.34,1,0,,
3.712,-0.6855,-0.3891,1.5275,6.28,6.28,66.35,1,0,,
3.776,-0.6851,-0.3809,1.5275,6.28,6.28,72.75,1,0,,
3.84,-0.6848,-0.3727,1.5275,6.28,6.28,71.24,1,0,,
3.904,-0.6844,-0.3645,1.5251,6.28,6.28,73.94,1,0,,
3.968,-0.684,-0.3563,1.5251,6.28,6.28,72.58,1,0,,
4.032,-0.6837,-0.3481,1.5275,6.28,6.28,70.28,1,0,,
4.096,-0.6833,-0.3399,1.5275,6.28,6.28,66.39,1,0,,
4.16,-0.683,-0.3317,1.5251,6.28,6.28,68.52,1,0,,
4.224,-0.6826,-0.3235,1.5251,6.28,6.28,71.05,1,0,,
4.288,-0.6822,-0.3152,1.5251,6.28,6.28,74.15,1,0,,
4.352,-0.6818,-0.3071,1.5275,6.28,6.28,68.27,1,0,,
4.416,-0.6815,-0.2988,1.5275,6.28,6.28,70.09,1,0,,
4.48,-0.6811,-0.2907,1.5251,6.28,6.28,73.71,1,0,,
4.544,-0.6807,-0.2824,1.5251,6.28,6.28,70.03,1,0,,
4.608,-0.6804,-0.2743,1.5275,6.28,6.28,71.23,1,0,,
4.672,-0.68,-0.266,1.5275,6.28,6.28,72.02,1,0,,
4.736,-0.6797,-0.2578,1.5275,6.28,6.28,69.91,1,0,,
4.8,-0.6793,-0.2496,1.5251,6.28,6.28,70.9,1,0,,
4.864,-0.6789,-0.2414,1.5251,6.28,6.28,69.78,1,0,,
4.928,-0.6786,-0.2332,1.5275,6.28,6.28,68.24,1,0,,
4.992,-0.6782,-0.225,1.5275,6.28,6.28,67.86,1,0,,
5.056,-0.6778,-0.2168,1.5251,6.28,6.28,70.52,1,0,,
5.12,-0.6775,-0.2086,1.5251,6.28,6.28,84.84,1,0,,
5.184,-0.6771,-0.2004,1.5251,6.28,6.28,105.29,1,0,,
5.248,-0.6767,-0.1922,1.5275,6.28,6.28,113.75,1,0,,
5.312,-0.6764,-0.184,1.5275,6.28,6.28,132.94,1,0,,
5.376,-0.676,-0.1758,1.5251,6.28,6.28,150.97,1,1,,
5.44,-0.6756,-0.1676,1.5251,6.28,6.28,188.56,1,1,,
5.504,-0.6753,-0.1594,1.5275,6.28,6.28,232.14,1,1,,
5.568,-0.6749,-0.1512,1.5275,3.14,0.628,312.5,1,1,,
5.632,-0.6747,-0.1487,1.4632,3.14,0.628,340.57,1,1,,
5.696,-0.6744,-0.1463,1.4013,3.14,0.628,332.56,1,1,,
5.76,-0.6739,-0.1439,1.3369,-0.928,0.928,297.69,1,1,,
5.824,-0.673,-0.1408,1.2602,-1.179,1.179,208.95,1,1,,
5.888,-0.6734,-0.142,1.3666,-0.838,0.838,136.55,1,0,,
5.952,-0.6735,-0.1428,1.4409,-0.602,0.602,114.45,1,0,,
6.016,-0.6735,-0.1433,1.4904,-0.444,0.444,119.65,1,0,,
6.08,-0.6736,-0.1435,1.5251,-0.334,0.334,142.57,1,0,,
6.144,-0.6736,-0.1438,1.5498,6.28,6.28,143.67,1,0,,
6.208,-0.6734,-0.1358,1.5597,6.28,6.28,178.01,1,1,,
6.272,-0.6733,-0.1277,1.5597,6.28,6.28,213.05,1,1,,
6.336,-0.6733,-0.1195,1.5597,6.28,6.28,284.92,1,1,,
6.4,-0.6732,-0.1112,1.5597,3.14,0.628,368.78,1,1,,
6.464,-0.6731,-0.1088,1.4954,3.14,0.628,370.31,1,1,,
6.528,-0.6728,-0.1063,1.4335,3.14,0.628,352.34,1,1,,
6.592,-0.6724,-0.1039,1.3691,3.14,0.628,319.28,1,1,,
6.656,-0.6718,-0.1014,1.3072,-1.058,1.058,279.51,1,1,,
6.72,-0.6693,-0.1206,2.0995,3.14,0.628,327.26,1,1,,
6.784,-0.6697,-0.1198,2.0995,1.448,-1.448,113.88,1,0,,
6.848,-0.6694,-0.1204,2.0499,1.289,-1.289,76.74,1,0,,
6.912,-0.6693,-0.1206,1.9955,1.115,-1.115,70.19,1,0,,
6.976,-0.6693,-0.1206,1.9435,0.95,-0.95,66.6,1,0,,
7.04,-0.6693,-0.1206,1.894,0.793,-0.793,67.73,1,0,,
7.104,-0.6693,-0.1206,1.8544,0.668,-0.668,69.84,1,0,,
7.168,-0.6692,-0.1207,1.8222,0.566,-0.566,71.92,1,0,,
7.232,-0.6699,-0.1123,1.4681,-0.557,0.557,69.53,1,0,,
7.296,-0.6699,-0.1135,1.5449,6.28,6.28,67.52,1,0,,
7.36,-0.6699,-0.1062,1.5771,6.28,6.28,68.22,1,0,,
7.424,-0.67,-0.0983,1.5845,6.28,6.28,65.47,1,0,,
7.488,-0.6701,-0.0902,1.5919,6.28,6.28,71.35,1,0,,
7.552,-0.6703,-0.082,1.5919,6.28,6.28,71.73,1,0,,
7.616,-0.6704,-0.0738,1.5919,6.28,6.28,71.6,1,0,,
7.68,-0.6706,-0.0656,1.5944,6.28,6.28,72.56,1,0,,
7.744,-0.6708,-0.0574,1.5944,6.28,6.28,69.24,1,0,,
7.808,-0.671,-0.0492,1.5919,6.28,6.28,69.22,1,0,,
7.872,-0.6712,-0.041,1.5919,6.28,6.28,67.98,1,0,,
7.936,-0.6713,-0.0328,1.5919,6.28,6.28,68.99,1,0,,
8.0,-0.6715,-0.0246,1.5944,6.28,6.28,71.81,1,0,,
8.064,-0.6717,-0.0163,1.5944,6.28,6.28,72.3,1,0,,
8.128,-0.6719,-0.0082,1.5919,6.28,6.28,68.6,1,0,,
8.192,-0.6721,0.0001,1.5919,6.28,6.28,68.67,1,0,,
8.256,-0.6723,0.0083,1.5919,6.28,6.28,69.86,1,0,,
8.32,-0.6724,0.0165,1.5944,6.28,6.28,73.31,1,0,,
8.384,-0.6726,0.0246,1.5919,6.28,6.28,71.5,1,0,,
8.448,-0.6728,0.0329,1.5919,6.28,6.28,70.57,1,0,,
8.512,-0.673,0.0411,1.5919,6.28,6.28,69.22,1,0,,
8.576,-0.6732,0.0493,1.5944,6.28,6.28,70.42,1,0,,
8.64,-0.6733,0.0575,1.5944,6.28,6.28,68.56,1,0,,
8.704,-0.6735,0.0657,1.5919,6.28,6.28,70.56,1,0,,
8.768,-0.6737,0.0739,1.5919,6.28,6.28,67.91,1,0,,
8.832,-0.6739,0.0822,1.5919,6.109,6.28,67.8,1,0,,
8.896,-0.6741,0.0903,1.5969,5.877,6.28,71.79,1,0,,
8.96,-0.6743,0.0981,1.6068,5.668,6.243,69.26,1,0,,
9.024,-0.6747,0.106,1.6216,5.476,5.977,70.59,1,0,,
9.088,-0.6749,0.1128,1.6068,5.22,5.835,72.13,1,0,,
9.152,-0.6753,0.12,1.6216,5.046,5.59,74.01,1,0,,
9.216,-0.6757,0.1269,1.634,4.874,5.359,69.57,1,0,,
9.28,-0.6761,0.1336,1.6464,4.707,5.132,68.62,1,0,,
9.344,-0.6766,0.14,1.6588,4.553,4.914,67.28,1,0,,
9.408,-0.6772,0.1462,1.6662,4.387,4.715,74.22,1,0,,
9.472,-0.6778,0.1521,1.6761,4.239,4.516,73.71,1,0,,
9.536,-0.6784,0.1578,1.681,4.08,4.336,69.24,1,0,,
9.6,-0.6791,0.1633,1.6885,3.939,4.157,69.08,1,0,,
9.664,-0.6797,0.1685,1.6934,3.797,3.991,67.38,1,0,,
9.728,-0.6803,0.1736,1.6984,3.658,3.828,72.31,1,0,,
9.792,-0.681,0.1785,1.7033,3.528,3.672,72.4,1,0,,
9.856,-0.6816,0.1831,1.7058,3.395,3.53,69.93,1,0,,
9.92,-0.6822,0.1876,1.7108,3.277,3.385,70.78,1,0,,
9.984,-0.6828,0.192,1.7132,3.152,3.249,68.51,1,0,,
10.048,-0.6834,0.1961,1.7157,3.036,3.12,69.73,1,0,,
10.112,-0.6839,0.1998,1.7033,2.887,3.054,72.67,1,0,,
10.176,-0.6845,0.2037,1.7108,2.793,2.919,67.38,1,0,,
10.24,-0.685,0.2074,1.7108,2.681,2.812,67.22,1,0,,
10.304,-0.6855,0.2109,1.7157,2.589,2.693,72.18,1,0,,
10.368,-0.686,0.2143,1.7182,2.495,2.587,71.45,1,0,,
10.432,-0.6865,0.2177,1.7207,2.402,2.481,75.15,1,0,,
10.496,-0.687,0.2208,1.7231,2.316,2.383,70.24,1,0,,
10.56,-0.6875,0.2239,1.7231,2.224,2.294,69.2,1,0,,
10.624,-0.6879,0.2268,1.7256,2.142,2.198,68.42,1,0,,
10.688,-0.6883,0.2296,1.7281,2.068,2.111,73.75,1,0,,
10.752,-0.6888,0.2323,1.7306,1.994,2.022,70.19,1,0,,
10.816,-0.6892,0.2349,1.7281,1.908,1.954,68.96,1,0,,
10.88,-0.6876,0.23,2.0252,0.887,-0.887,72.72,1,0,,
10.944,-0.6887,0.2325,1.8766,0.441,-0.441,69.85,1,0,,
11.008,-0.6892,0.2346,1.7751,2.07,1.812,68.28,1,0,,
11.072,-0.6898,0.2378,1.738,1.859,1.831,70.33,1,0,,
11.136,-0.6902,0.2405,1.7281,1.749,1.783,71.97,1,0,,
11.2,-0.6908,0.2453,1.6315,-0.338,0.338,69.95,1,0,,
11.264,-0.6907,0.2449,1.6588,1.384,1.884,71.93,1,0,,
11.328,-0.6909,0.2467,1.6835,1.403,1.76,71.13,1,0,,
11.392,-0.6911,0.2487,1.6959,1.378,1.668,72.09,1,0,,
11.456,-0.6914,0.2507,1.7033,1.338,1.592,70.29,1,0,,
11.52,-0.6917,0.2526,1.7132,1.308,1.508,69.49,1,0,,
11.584,-0.6919,0.2545,1.7157,1.258,1.45,67.6,1,0,,
11.648,-0.6922,0.2562,1.7231,1.227,1.379,71.75,1,0,,
11.712,-0.6925,0.2579,1.7256,1.181,1.323,70.18,1,0,,
11.776,-0.6927,0.2595,1.7281,1.139,1.271,72.06,1,0,,
11.84,-0.693,0.2611,1.7306,1.097,1.218,71.85,1,0,,
11.904,-0.6932,0.2626,1.7355,1.066,1.159,73.74,1,0,,
11.968,-0.6934,0.264,1.7355,1.023,1.12,69.29,1,0,,
12.032,-0.6937,0.2654,1.7405,0.995,1.064,73.43,1,0,,
12.096,-0.6939,0.2667,1.7429,0.962,1.018,69.02,1,0,,
12.16,-0.6941,0.268,1.7429,0.923,0.982,68.58,1,0,,
12.224,-0.6943,0.2692,1.7454,0.894,0.939,65.87,1,0,,
12.288,-0.6946,0.2704,1.7479,0.866,0.896,67.02,1,0,,
12.352,-0.695,0.274,1.6513,5.153,-5.153,67.76,2,0,,
12.416,-0.6951,0.2724,1.4558,4.528,-4.528,67.88,2,0,,
12.48,-0.6952,0.2718,1.2527,3.882,-3.882,67.11,2,0,,
12.544,-0.6953,0.2716,1.0671,3.293,-3.293,67.49,2,0,,
12.608,-0.6953,0.2716,0.9012,2.767,-2.767,70.32,2,0,,
12.672,-0.6934,0.2736,0.7601,2.326,-2.326,67.95,2,0,,
12.736,-0.6934,0.2736,0.6462,1.965,-1.965,68.15,2,0,,
12.8,-0.6934,0.2736,0.5471,1.651,-1.651,68.5,2,0,,
12.864,-0.6934,0.2736,0.463,1.384,-1.384,71.13,2,0,,
12.928,-0.6934,0.2736,0.3936,1.164,-1.164,66.43,2,0,,
12.992,-0.6934,0.2736,0.3342,0.976,-0.976,70.14,2,0,,
13.056,-0.6934,0.2736,0.2847,0.819,-0.819,68.63,2,0,,
13.12,-0.6934,0.2736,0.2451,0.693,-0.693,70.09,2,0,,
13.184,-0.6934,0.2736,0.2104,0.583,-0.583,69.78,2,0,,
13.248,-0.6934,0.2736,0.1807,0.489,-0.489,71.46,2,0,,
13.312,-0.6934,0.2736,0.156,0.41,-0.41,73.2,2,0,,
13.376,-0.6934,0.2736,0.1312,0.332,-0.332,70.74,2,0,,
13.44,-0.6919,0.2739,0.1783,0.482,-0.482,69.66,2,0,,
13.504,-0.6908,0.2741,0.1956,0.537,-0.537,72.09,2,0,,
13.568,-0.6902,0.2742,0.1931,0.53,-0.53,68.85,2,0,,
13.632,-0.6898,0.2742,0.1783,0.483,-0.483,67.97,2,0,,
13.696,-0.6897,0.2743,0.1584,0.42,-0.42,70.6,2,0,,
13.76,-0.6897,0.2743,0.1386,0.357,-0.357,69.9,2,0,,
13.824,-0.6896,0.2743,0.1213,6.28,6.28,72.72,2,0,,
13.888,-0.6815,0.2753,0.1238,6.28,6.28,69.69,2,0,,
13.952,-0.6733,0.2763,0.1238,6.28,6.28,68.94,2,0,,
14.016,-0.6652,0.2773,0.1238,0.318,-0.318,73.15,2,0,,
14.08,-0.6652,0.2773,0.1065,6.28,6.28,70.96,2,0,,
14.144,-0.657,0.2782,0.1065,6.28,6.28,113.06,2,0,,
14.208,-0.6488,0.2791,0.1065,6.28,6.28,263.73,2,1,,
14.272,-0.6407,0.2799,0.1089,3.14,0.628,399.71,2,1,,
14.336,-0.6351,0.2807,0.1684,3.14,0.628,363.81,2,1,,
14.4,-0.6327,0.281,0.104,3.14,0.628,352.17,2,1,,
14.464,-0.6302,0.2812,0.0396,3.14,0.628,358.04,2,1,,
14.528,-0.6277,0.2812,-0.0223,3.14,0.628,388.2,2,1,,
14.592,-0.6225,0.2807,-0.1956,3.14,0.628,379.2,2,1,,
14.656,-0.621,0.2803,-0.26,3.14,0.628,476.41,2,1,,
14.72,-0.6186,0.2796,-0.3194,3.14,0.628,352.26,2,1,,
14.784,-0.6163,0.2788,-0.3837,3.14,0.628,349.57,2,1,,
14.848,-0.6141,0.2778,-0.4481,3.14,0.628,358.81,2,1,,
14.912,-0.6119,0.2766,-0.51,3.14,0.628,368.08,2,1,,
14.976,-0.6098,0.2754,-0.5744,3.14,0.628,372.39,2,1,,
15.04,-0.6077,0.2739,-0.6363,3.14,0.628,369.82,2,1,,
15.104,-0.6058,0.2724,-0.7006,3.14,0.628,362.36,2,1,,
15.168,-0.5967,0.2666,-0.4432,3.14,0.628,367.15,2,1,,
15.232,-0.5833,0.2528,-1.1537,3.14,0.628,421.77,2,1,,
15.296,-0.5822,0.2501,-1.2354,3.14,0.628,383.84,2,1,,
15.36,-0.5814,0.2475,-1.3097,3.14,0.628,368.28,2,1,,
15.424,-0.5808,0.245,-1.379,3.14,0.628,348.86,2,1,,
15.488,-0.5804,0.2425,-1.4458,3.14,0.628,354.92,2,1,,
15.552,-0.5802,0.24,-1.5077,3.14,0.628,370.69,2,1,,
15.616,-0.5801,0.2375,-1.5746,3.14,0.628,382.94,2,1,,
15.68,-0.5802,0.2351,-1.634,3.14,0.628,410.85,2,1,,
15.744,-0.5805,0.2326,-1.7009,3.14,0.628,407.28,2,1,,
15.808,-0.5809,0.2302,-1.7652,3.14,0.628,408.6,2,1,,
15.872,-0.5814,0.2277,-1.8271,3.14,0.628,407.63,2,1,,
15.936,-0.5821,0.2254,-1.8915,3.14,0.628,413.28,2,1,,
16.0,-0.583,0.223,-1.9534,3.14,0.628,400.79,2,1,,
16.064,-0.584,0.2208,-2.0178,3.14,0.628,428.52,2,1,,
16.128,-0.5851,0.2186,-2.0821,3.14,0.628,445.54,2,1,,
16.192,-0.5894,0.2071,-1.7677,3.14,0.628,454.72,2,1,,
16.256,-0.5899,0.2046,-1.8271,3.14,0.628,476.4,2,1,,
16.32,-0.5906,0.2022,-1.889,3.14,0.628,482.15,2,1,,
16.384,-0.5915,0.1999,-1.9534,3.14,0.628,448.23,2,1,,
16.448,-0.5925,0.1976,-2.0153,3.14,0.628,408.28,2,1,,
16.512,-0.5936,0.1954,-2.0796,3.14,0.628,396.07,2,1,,
16.576,-0.5949,0.1932,-2.1415,3.14,0.628,405.54,2,1,,
16.64,-0.5997,0.1875,-2.399,3.14,0.628,456.46,2,1,,
16.704,-0.6016,0.1859,-2.4609,3.14,0.628,451.95,2,1,,
16.768,-0.6036,0.1844,-2.5253,3.14,0.628,431.8,2,1,,
16.832,-0.6039,0.1842,-2.5872,3.14,0.628,703.53,2,1,,
16.896,-0.6061,0.1829,-2.6515,3.14,0.628,422.11,2,1,,
16.96,-0.6083,0.1818,-2.7134,-6.28,6.28,279.85,2,1,,
17.024,-0.6083,0.1818,-2.4015,3.14,0.628,586.15,2,1,,
17.088,-0.6102,0.1802,-2.4634,3.14,0.628,404.96,2,1,,
17.152,-0.6122,0.1787,-2.5278,3.14,0.628,370.31,2,1,,
17.216,-0.6142,0.1774,-2.5921,3.14,0.628,366.76,2,1,,
17.28,-0.6164,0.1761,-2.654,3.14,0.628,379.62,2,1,,
17.344,-0.6186,0.175,-2.7184,3.14,0.628,440.32,2,1,,
17.408,-0.6209,0.1741,-2.7803,3.14,0.628,438.03,2,1,,
17.472,-0.6315,0.1681,-2.4708,3.14,0.628,366.19,2,1,,
17.536,-0.6339,0.1662,-2.5055,3.14,0.628,354.25,2,1,,
17.6,-0.6363,0.1646,-2.555,3.14,0.628,341.18,2,1,,
17.664,-0.6249,0.1842,-1.6365,3.14,0.628,441.66,2,1,,
17.728,-0.6252,0.1818,-1.7355,-5.906,5.906,268.68,2,1,,
17.792,-0.6256,0.1776,-1.6068,-5.512,5.512,165.93,2,1,,
17.856,-0.6254,0.1735,-1.4409,-4.999,4.999,85.53,2,0,,
17.92,-0.6251,0.1721,-1.2824,-4.502,4.502,74.27,2,0,,
17.984,-0.6249,0.1716,-1.0844,-3.876,3.876,73.34,2,0,,
18.048,-0.6247,0.1713,-0.9012,-3.296,3.296,69.71,2,0,,
18.112,-0.6247,0.1713,-0.7353,-2.77,2.77,73.0,2,0,,
18.176,-0.6247,0.1713,-0.5967,-2.33,2.33,68.44,2,0,,
18.24,-0.6246,0.1713,-0.4803,-1.962,1.962,69.32,2,0,,
18.304,-0.6246,0.1713,-0.3813,-1.648,1.648,71.09,2,0,,
18.368,-0.6246,0.1713,-0.2971,-1.381,1.381,67.47,2,0,,
18.432,-0.6246,0.1713,-0.2278,-1.161,1.161,68.08,2,0,,
18.496,-0.6247,0.1713,-0.1708,-0.98,0.98,69.51,2,0,,
18.56,-0.6247,0.1713,-0.1213,-0.823,0.823,70.53,2,0,,
18.624,-0.6246,0.1713,-0.0792,-0.69,0.69,68.55,2,0,,
18.688,-0.6246,0.1713,-0.0446,-0.58,0.58,69.04,2,0,,
18.752,-0.6246,0.1713,-0.0149,-0.486,0.486,70.56,2,0,,
18.816,-0.6246,0.1713,0.0099,-0.407,0.407,71.3,2,0,,
18.88,-0.6246,0.1713,0.0297,-0.344,0.344,70.4,2,0,,
18.944,-0.6247,0.1713,0.047,6.28,6.28,70.08,2,0,,
19.008,-0.6164,0.1716,0.047,6.28,6.28,102.57,2,0,,
19.072,-0.6082,0.172,0.047,6.28,6.28,215.55,2,1,,
19.136,-0.6018,0.1723,0.047,3.14,0.628,1217.01,2,1,,
19.2,-0.5993,0.1724,-0.0173,3.14,0.628,473.83,2,1,,
19.264,-0.597,0.1723,-0.0743,3.14,0.628,345.32,2,1,,
19.328,-0.5945,0.172,-0.1386,-0.89,0.89,294.28,2,1,,
19.392,-0.5945,0.172,-0.0966,3.14,0.628,359.38,2,1,,
19.456,-0.592,0.1717,-0.1609,3.14,0.628,424.23,2,1,,
19.52,-0.5896,0.1712,-0.2228,3.14,0.628,451.61,2,1,,
19.584,-0.5873,0.1706,-0.2847,3.14,0.628,525.17,2,1,,
19.648,-0.5849,0.1698,-0.3466,3.14,0.628,607.34,2,1,,
19.712,-0.5826,0.1689,-0.411,3.14,0.628,754.58,2,1,,
19.776,-0.5804,0.1679,-0.4753,3.14,0.628,699.89,2,1,,
19.84,-0.5782,0.1667,-0.5372,3.14,0.628,700.45,2,1,,
19.904,-0.5761,0.1653,-0.6016,3.14,0.628,667.48,2,1,,
19.968,-0.5741,0.1639,-0.6635,3.14,0.628,573.3,2,1,,
20.032,-0.5722,0.1623,-0.7279,3.14,0.628,467.32,2,1,,
20.096,-0.5705,0.1606,-0.7922,3.14,0.628,374.64,2,1,,
20.16,-0.5688,0.1588,-0.8541,3.14,0.628,331.9,2,1,,
20.224,-0.5672,0.1569,-0.9185,-3.431,3.431,283.92,2,1,,
20.288,-0.5651,0.1548,-0.6338,3.14,0.628,313.31,2,1,,
20.352,-0.5632,0.1533,-0.6957,-2.74,2.74,243.47,2,1,,
20.416,-0.5632,0.1533,-0.557,-2.3,2.3,293.43,2,1,,
20.48,-0.5631,0.1533,-0.4407,3.14,0.628,309.75,2,1,,
20.544,-0.5609,0.1521,-0.5051,3.14,0.628,328.84,2,1,,
20.608,-0.5588,0.1509,-0.5694,-2.351,2.351,278.77,2,1,,
20.672,-0.5588,0.1509,-0.4506,-1.974,1.974,280.21,2,1,,
20.736,-0.5588,0.1509,-0.3516,3.14,0.628,359.24,2,1,,
20.8,-0.5566,0.15,-0.4135,3.14,0.628,358.48,2,1,,
20.864,-0.5544,0.1489,-0.4753,3.14,0.628,352.6,2,1,,
20.928,-0.5522,0.1477,-0.5397,3.14,0.628,314.21,2,1,,
20.992,-0.5502,0.1464,-0.6041,-2.482,2.482,246.97,2,1,,
21.056,-0.5501,0.1464,-0.4778,3.14,0.628,329.19,2,1,,
21.12,-0.548,0.1452,-0.5422,-2.292,2.292,299.5,2,1,,
21.184,-0.548,0.1452,-0.4258,3.14,0.628,360.58,2,1,,
21.248,-0.5412,0.1409,-0.7006,3.14,0.628,387.36,2,1,,
21.312,-0.5396,0.1395,-0.7551,3.14,0.628,362.11,2,1,,
21.376,-0.5379,0.1378,-0.8121,3.14,0.628,319.8,2,1,,
21.44,-0.5363,0.136,-0.8764,-3.393,3.393,277.55,2,1,,
21.504,-0.5363,0.136,-0.7056,3.14,0.628,425.06,2,1,,
21.568,-0.5345,0.1343,-0.7675,3.14,0.628,438.96,2,1,,
21.632,-0.5328,0.1326,-0.8319,3.14,0.628,391.83,2,1,,
21.696,-0.5065,0.1224,0.0941,3.14,0.628,339.67,2,1,,
21.76,-0.5073,0.1224,-0.0966,-0.993,0.993,212.23,2,1,,
21.824,-0.5112,0.123,-0.1981,-1.309,1.309,228.87,2,1,,
21.888,-0.5151,0.1239,-0.2822,-1.57,1.57,271.99,2,1,,
21.952,-0.518,0.1248,-0.3219,3.14,0.628,302.37,2,1,,
22.016,-0.5173,0.1245,-0.4506,-2.099,2.099,290.1,2,1,,
22.08,-0.5181,0.1249,-0.3813,-1.877,1.877,290.56,2,1,,
22.144,-0.5185,0.125,-0.302,3.14,0.628,312.1,2,1,,
22.208,-0.5163,0.1243,-0.3714,3.14,0.628,317.43,2,1,,
22.272,-0.514,0.1233,-0.4357,-2.059,2.059,263.61,2,1,,
22.336,-0.514,0.1233,-0.3318,-1.73,1.73,250.5,2,1,,
22.4,-0.5141,0.1233,-0.2451,-1.455,1.455,289.4,2,1,,
22.464,-0.5141,0.1233,-0.1708,3.14,0.628,385.11,2,1,,
22.528,-0.5117,0.1228,-0.2352,3.14,0.628,380.52,2,1,,
22.592,-0.5093,0.1222,-0.2971,3.14,0.628,344.64,2,1,,
22.656,-0.507,0.1214,-0.3615,-1.837,1.837,283.61,2,1,,
22.72,-0.507,0.1214,-0.2674,3.14,0.628,340.25,2,1,,
22.784,-0.5046,0.1207,-0.3318,3.14,0.628,311.73,2,1,,
22.848,-0.5023,0.1198,-0.3936,-1.949,1.949,299.01,2,1,,
22.912,-0.5009,0.1193,-0.2426,3.14,0.628,305.61,2,1,,
22.976,-0.4838,0.1068,-1.0225,-4.008,4.008,156.24,2,1,,
23.04,-0.4832,0.1059,-0.8665,-3.518,3.518,257.54,2,1,,
23.104,-0.4828,0.1055,-0.7081,-3.017,3.017,262.82,2,1,,
23.168,-0.4826,0.1054,-0.562,-2.555,2.555,201.85,2,1,,
23.232,-0.4826,0.1054,-0.4357,-2.154,2.154,221.49,2,1,,
23.296,-0.4826,0.1054,-0.3268,-1.809,1.809,285.06,2,1,,
23.36,-0.4826,0.1054,-0.2377,3.14,0.628,351.03,2,1,,
23.424,-0.4802,0.1047,-0.2996,3.14,0.628,379.19,2,1,,
23.488,-0.4779,0.1039,-0.3639,3.14,0.628,437.29,2,1,,
23.552,-0.4756,0.103,-0.4283,3.14,0.628,459.47,2,1,,
23.616,-0.4734,0.1019,-0.4902,3.14,0.628,678.42,2,1,,
23.68,-0.4709,0.1004,-0.5719,3.14,0.628,797.75,2,1,,
23.744,-0.4679,0.0983,-0.6759,3.14,0.628,823.99,2,1,,
23.808,-0.4656,0.0963,-0.765,3.14,0.628,852.97,2,1,,
23.872,-0.4637,0.0943,-0.8418,3.14,0.628,910.53,2,1,,
23.936,-0.462,0.0922,-0.9086,3.14,0.628,920.48,2,1,,
24.0,-0.4608,0.0906,-0.9556,3.14,0.628,945.69,2,1,,
24.064,-0.4594,0.0884,-1.0596,3.14,0.628,1122.02,2,1,,
24.128,-0.4583,0.0863,-1.119,3.14,0.628,1080.58,2,1,,
24.192,-0.4573,0.0841,-1.1834,3.14,0.628,1060.22,2,1,,
24.256,-0.4564,0.0817,-1.2453,3.14,0.628,1085.97,2,1,,
24.32,-0.4557,0.0794,-1.3097,3.14,0.628,1039.47,2,1,,
24.384,-0.4551,0.0769,-1.3716,3.14,0.628,1000.75,2,1,,
24.448,-0.4547,0.0745,-1.4359,3.14,0.628,986.87,2,1,,
24.512,-0.4545,0.0721,-1.5003,3.14,0.628,998.82,2,1,,
24.576,-0.4539,0.0664,-1.4335,3.14,0.628,444.98,2,1,,
24.64,-0.4529,0.0605,-1.3617,3.14,0.628,414.14,2,1,,
24.704,-0.4514,0.0547,-1.2924,3.14,0.628,483.83,2,1,,
24.768,-0.4498,0.0496,-1.2428,3.14,0.628,578.01,2,1,,
24.832,-0.4483,0.0453,-1.2255,3.14,0.628,596.06,2,1,,
24.896,-0.447,0.0417,-1.2379,3.14,0.628,525.97,2,1,,
24.96,-0.446,0.0386,-1.2725,3.14,0.628,426.74,2,1,,
25.024,-0.4452,0.0358,-1.3171,3.14,0.628,372.16,2,1,,
25.088,-0.4446,0.0332,-1.3741,3.14,0.628,315.56,2,1,,
25.152,-0.4442,0.0307,-1.4335,-5.646,5.646,280.56,2,1,,
25.216,-0.4554,0.0455,-0.411,3.14,0.628,1665.63,2,1,,
25.28,-0.4549,0.0452,-0.406,3.14,0.628,429.69,2,1,,
25.344,-0.4879,-0.0306,2.7255,3.14,0.628,1285.45,2,1,,
25.408,-0.488,-0.0305,2.7503,3.14,0.628,317.01,2,1,,
25.472,-0.4884,-0.0304,2.7701,6.28,-6.28,119.09,2,0,,
25.536,-0.4854,-0.0318,2.5943,6.28,-6.28,77.0,2,0,,
25.6,-0.484,-0.033,2.3591,6.206,-6.206,72.99,2,0,,
25.664,-0.4834,-0.0337,2.0917,5.355,-5.355,69.49,2,0,,
25.728,-0.4834,-0.0338,1.8342,3.14,0.628,654.07,2,1,,
25.792,-0.484,-0.0312,1.76,4.313,-4.313,182.55,2,1,,
25.856,-0.484,-0.0309,1.5322,3.592,-3.592,92.87,2,0,,
25.92,-0.484,-0.0308,1.3465,3.004,-3.004,75.67,2,0,,
25.984,-0.484,-0.0307,1.1905,2.509,-2.509,105.74,2,0,,
26.048,-0.4839,-0.0306,1.0643,2.109,-2.109,118.09,2,0,,
26.112,-0.4839,-0.0306,0.9553,1.764,-1.764,147.65,2,0,,
26.176,-0.4839,-0.0306,0.8662,1.481,-1.481,185.38,2,1,,
26.24,-0.4839,-0.0306,0.7919,3.14,0.628,311.13,2,1,,
26.304,-0.4821,-0.0289,0.73,3.14,0.628,419.43,2,1,,
26.368,-0.4802,-0.0273,0.6657,0.851,-0.851,260.71,2,1,,
26.432,-0.4802,-0.0273,0.6211,0.71,-0.71,156.1,2,1,,
26.496,-0.4802,-0.0273,0.5864,0.6,-0.6,161.91,2,1,,
26.56,-0.4802,-0.0273,0.5567,0.506,-0.506,245.22,2,1,,
26.624,-0.4802,-0.0273,0.532,0.427,-0.427,158.01,2,1,,
26.688,-0.4802,-0.0273,0.5122,0.364,-0.364,85.4,2,0,,
26.752,-0.4802,-0.0273,0.4924,6.28,6.28,72.49,2,0,,
26.816,-0.473,-0.0234,0.4924,6.28,6.28,68.2,2,0,,
26.88,-0.4658,-0.0196,0.4899,6.28,6.28,68.62,2,0,,
26.944,-0.4586,-0.0157,0.4924,6.28,6.28,69.54,2,0,,
27.008,-0.4513,-0.0118,0.4924,6.28,6.28,68.06,2,0,,
27.072,-0.444,-0.0079,0.4924,6.28,6.28,71.67,2,0,,
27.136,-0.4368,-0.004,0.4924,0.32,-0.32,68.53,2,0,,
27.2,-0.4368,-0.0041,0.475,6.28,6.28,71.05,2,0,,
27.264,-0.4295,-0.0003,0.475,6.28,6.28,71.68,2,0,,
27.328,-0.4222,0.0034,0.4775,6.28,6.28,66.51,2,0,,
27.392,-0.415,0.0072,0.475,6.28,6.28,68.79,2,0,,
27.456,-0.4076,0.011,0.475,6.28,6.28,69.38,2,0,,
27.52,-0.4003,0.0147,0.475,6.28,6.28,69.82,2,0,,
27.584,-0.393,0.0185,0.475,6.28,6.28,71.67,2,0,,
27.648,-0.3857,0.0222,0.4775,6.28,6.28,69.74,2,0,,
27.712,-0.3785,0.026,0.475,6.28,6.28,69.64,2,0,,
27.776,-0.3711,0.0298,0.475,6.28,6.28,67.57,2,0,,
27.84,-0.3639,0.0335,0.4775,6.28,6.28,69.47,2,0,,
27.904,-0.3565,0.0373,0.475,6.28,6.28,69.02,2,0,,
27.968,-0.3493,0.041,0.475,6.28,6.28,68.93,2,0,,
28.032,-0.342,0.0448,0.475,6.28,6.28,71.69,2,0,,
28.096,-0.3346,0.0486,0.475,6.28,6.28,71.39,2,0,,
28.16,-0.3273,0.0523,0.475,6.28,6.28,72.48,2,0,,
28.224,-0.32,0.0561,0.4775,0.326,-0.326,72.15,2,0,,
28.288,-0.32,0.0561,0.4577,6.28,6.28,67.37,2,0,,
28.352,-0.3127,0.0597,0.4602,6.28,6.28,68.27,2,0,,
28.416,-0.3053,0.0634,0.4602,6.28,6.28,70.32,2,0,,
28.48,-0.2979,0.067,0.4602,6.28,6.28,67.17,2,0,,
28.544,-0.2906,0.0706,0.4577,6.28,6.28,70.15,2,0,,
28.608,-0.2832,0.0743,0.4577,6.28,6.28,70.91,2,0,,
28.672,-0.2759,0.0779,0.4602,6.28,6.28,74.9,2,0,,
28.736,-0.2685,0.0816,0.4602,6.28,6.28,103.06,2,0,,
28.8,-0.2612,0.0852,0.4577,6.28,6.28,144.9,2,0,,
28.864,-0.2538,0.0888,0.4577,6.28,6.28,215.49,2,1,,
28.928,-0.2464,0.0925,0.4577,6.28,6.28,293.4,2,1,,
28.992,-0.2391,0.0961,0.4602,0.628,3.14,380.29,2,1,,
29.056,-0.2369,0.0973,0.5221,0.628,3.14,525.85,2,1,,
29.12,-0.2348,0.0986,0.5864,0.628,3.14,980.2,2,1,,
29.184,-0.2328,0.1,0.6508,0.628,3.14,1376.38,2,1,,
29.248,-0.2308,0.1016,0.7127,0.628,3.14,1613.41,2,1,,
29.312,-0.229,0.1032,0.7771,0.628,3.14,1752.16,2,1,,
29.376,-0.2273,0.105,0.839,0.628,3.14,1783.1,2,1,,
29.44,-0.2257,0.1069,0.9033,0.628,3.14,1737.97,2,1,,
29.504,-0.2243,0.1088,0.9652,0.628,3.14,1626.15,2,1,,
29.568,-0.2229,0.111,1.0296,0.628,3.14,1410.37,2,1,,
29.632,-0.2217,0.1131,1.094,0.628,3.14,1113.0,2,1,,
29.696,-0.2206,0.1154,1.1559,0.628,3.14,1277.79,2,1,,
29.76,-0.2197,0.1176,1.2178,0.628,3.14,1298.2,2,1,,
29.824,-0.219,0.1199,1.2821,0.628,3.14,1223.34,2,1,,
29.888,-0.2183,0.1223,1.344,0.628,3.14,1029.97,2,1,,
29.952,-0.2179,0.1247,1.4084,0.628,3.14,688.65,2,1,,
30.016,-0.2175,0.1272,1.4703,3.14,0.628,940.98,2,1,,
30.08,-0.2172,0.1297,1.4084,3.14,0.628,1126.38,2,1,,
30.144,-0.2167,0.1321,1.344,3.14,0.628,1247.86,2,1,,
30.208,-0.2161,0.1345,1.2821,3.14,0.628,1277.04,2,1,,
30.272,-0.2153,0.1369,1.2178,3.14,0.628,1200.53,2,1,,
30.336,-0.2144,0.1391,1.1559,3.14,0.628,1244.3,2,1,,
30.4,-0.2133,0.1413,1.094,3.14,0.628,1548.49,2,1,,
30.464,-0.2122,0.1435,1.0296,3.14,0.628,1713.35,2,1,,
30.528,-0.2108,0.1456,0.9677,3.14,0.628,1815.36,2,1,,
30.592,-0.2093,0.1476,0.9033,3.14,0.628,1805.43,2,1,,
30.656,-0.2078,0.1494,0.839,3.14,0.628,1723.16,2,1,,
30.72,-0.206,0.1512,0.7771,3.14,0.628,1573.65,2,1,,
30.784,-0.2042,0.1529,0.7127,3.14,0.628,1248.26,2,1,,
30.848,-0.2023,0.1545,0.6508,3.14,0.628,796.05,2,1,,
30.912,-0.2003,0.1559,0.5864,3.14,0.628,513.35,2,1,,
30.976,-0.1982,0.1572,0.5221,3.14,0.628,512.68,2,1,,
31.04,-0.196,0.1584,0.4602,3.14,0.628,548.92,2,1,,
31.104,-0.1938,0.1594,0.3958,3.14,0.628,735.82,2,1,,
31.168,-0.1914,0.1603,0.3339,3.14,0.628,1000.78,2,1,,
31.232,-0.1891,0.161,0.2695,3.14,0.628,1207.35,2,1,,
31.296,-0.1867,0.1616,0.2052,3.14,0.628,1390.61,2,1,,
31.36,-0.1842,0.162,0.1433,3.14,0.628,1518.83,2,1,,
31.424,-0.1818,0.1623,0.0789,3.14,0.628,1616.63,2,1,,
31.488,-0.1793,0.1624,0.017,3.14,0.628,1692.04,2,1,,
31.552,-0.1769,0.1624,-0.0474,3.14,0.628,1750.45,2,1,,
31.616,-0.1744,0.1622,-0.1117,3.14,0.628,1780.11,2,1,,
31.68,-0.1719,0.1618,-0.1736,3.14,0.628,1806.62,2,1,,
31.744,-0.1695,0.1613,-0.238,3.14,0.628,1815.48,2,1,,
31.808,-0.1671,0.1607,-0.2999,3.14,0.628,1814.74,2,1,,
31.872,-0.1648,0.1599,-0.3643,3.14,0.628,1805.17,2,1,,
31.936,-0.1626,0.1589,-0.4286,3.14,0.628,1748.97,2,1,,
32.0,-0.1603,0.1578,-0.4905,3.14,0.628,1696.28,2,1,,
32.064,-0.1582,0.1566,-0.5549,3.14,0.628,1643.29,2,1,,
32.128,-0.1561,0.1552,-0.6168,3.14,0.628,1541.65,2,1,,
32.192,-0.1541,0.1537,-0.6812,3.14,0.628,1441.22,2,1,,
32.256,-0.1523,0.1521,-0.7455,3.14,0.628,1275.42,2,1,,
32.32,-0.1505,0.1504,-0.8074,3.14,0.628,1165.76,2,1,,
32.384,-0.1489,0.1485,-0.8718,3.14,0.628,1230.16,2,1,,
32.448,-0.1473,0.1466,-0.9337,3.14,0.628,1257.08,2,1,,
32.512,-0.1459,0.1446,-0.9981,3.14,0.628,1319.7,2,1,,
32.576,-0.1447,0.1425,-1.0599,3.14,0.628,1335.4,2,1,,
32.64,-0.1435,0.1403,-1.1218,3.14,0.628,1287.46,2,1,,
32.704,-0.1425,0.138,-1.1862,3.14,0.628,1261.63,2,1,,
32.768,-0.1417,0.1357,-1.2481,3.14,0.628,1202.05,2,1,,
32.832,-0.141,0.1333,-1.3125,3.14,0.628,1115.56,2,1,,
32.896,-0.1404,0.131,-1.3768,3.14,0.628,1026.41,2,1,,
32.96,-0.14,0.1285,-1.4387,3.14,0.628,899.58,2,1,,
33.024,-0.1398,0.1261,-1.5031,3.14,0.628,796.22,2,1,,
33.088,-0.1397,0.1235,-1.565,3.14,0.628,670.52,2,1,,
33.152,-0.1397,0.1211,-1.6294,0.628,3.14,755.69,2,1,,
33.216,-0.1398,0.1186,-1.5675,0.628,3.14,905.41,2,1,,
33.28,-0.1397,0.1161,-1.5031,0.628,3.14,998.18,2,1,,
33.344,-0.1395,0.1137,-1.4387,0.628,3.14,1111.04,2,1,,
33.408,-0.1391,0.1112,-1.3768,0.628,3.14,1199.08,2,1,,
33.472,-0.1385,0.1089,-1.3125,0.628,3.14,1245.93,2,1,,
33.536,-0.1378,0.1064,-1.2506,0.628,3.14,1295.12,2,1,,
33.6,-0.137,0.1042,-1.1862,0.628,3.14,1250.59,2,1,,
33.664,-0.136,0.1019,-1.1218,0.628,3.14,1289.86,2,1,,
33.728,-0.1348,0.0997,-1.0599,0.628,3.14,1244.18,2,1,,
33.792,-0.1336,0.0976,-0.9956,0.628,3.14,1186.49,2,1,,
33.856,-0.1321,0.0955,-0.9337,0.628,3.14,1085.06,2,1,,
33.92,-0.1306,0.0936,-0.8693,0.628,3.14,1265.48,2,1,,
33.984,-0.129,0.0918,-0.8049,0.628,3.14,1410.0,2,1,,
34.048,-0.1272,0.09,-0.743,0.628,3.14,1561.51,2,1,,
34.112,-0.1253,0.0884,-0.6787,0.628,3.14,1641.78,2,1,,
34.176,-0.1233,0.0869,-0.6168,0.628,3.14,1699.17,2,1,,
34.24,-0.1213,0.0856,-0.5549,0.628,3.14,1743.14,2,1,,
34.304,-0.1192,0.0844,-0.4905,0.628,3.14,1785.52,2,1,,
34.368,-0.117,0.0833,-0.4286,0.628,3.14,1818.82,2,1,,
34.432,-0.1147,0.0823,-0.3643,0.628,3.14,1814.26,2,1,,
34.496,-0.1123,0.0815,-0.3024,0.628,3.14,1790.09,2,1,,
34.56,-0.11,0.0809,-0.238,0.628,3.14,1750.32,2,1,,
34.624,-0.1076,0.0804,-0.1736,0.628,3.14,1703.78,2,1,,
34.688,-0.1051,0.08,-0.1117,0.628,3.14,1627.48,2,1,,
34.752,-0.1027,0.0798,-0.0474,0.628,3.14,1536.24,2,1,,
34.816,-0.1002,0.0798,0.0145,0.628,3.14,1472.58,2,1,,
34.88,-0.0977,0.0799,0.0789,0.628,3.14,1291.74,2,1,,
34.944,-0.0953,0.0802,0.1433,0.628,3.14,1015.4,2,1,,
35.008,-0.0928,0.0806,0.2052,0.628,3.14,767.75,2,1,,
35.072,-0.0904,0.0812,0.2695,0.628,3.14,627.8,2,1,,
35.136,-0.088,0.0819,0.3314,0.628,3.14,530.86,2,1,,
35.2,-0.0857,0.0828,0.3958,0.628,3.14,429.65,2,1,,
35.264,-0.0835,0.0838,0.4602,0.628,3.14,363.0,2,1,,
35.328,-0.0813,0.085,0.5221,0.628,3.14,327.17,2,1,,
35.392,-0.0792,0.0863,0.5864,6.28,6.28,291.39,2,1,,
35.456,-0.0724,0.0908,0.5864,6.28,6.28,250.06,2,1,,
35.52,-0.0655,0.0954,0.5864,6.28,6.28,218.83,2,1,,
35.584,-0.0587,0.0999,0.584,6.28,6.28,184.27,2,1,,
35.648,-0.0519,0.1044,0.5864,6.28,6.28,151.85,2,1,,
35.712,-0.045,0.109,0.5864,6.28,6.28,127.19,2,0,,
35.776,-0.0381,0.1135,0.5864,6.28,6.28,112.4,2,0,,
35.84,-0.0313,0.118,0.584,6.28,6.28,100.76,2,0,,
35.904,-0.0245,0.1226,0.584,6.28,6.28,79.93,2,0,,
35.968,-0.0176,0.1271,0.5864,6.28,6.28,71.4,2,0,,
36.032,-0.0108,0.1317,0.5864,6.28,6.28,67.35,2,0,,
36.096,-0.0039,0.1362,0.5864,6.28,6.28,70.04,2,0,,
36.16,0.0029,0.1407,0.584,6.28,6.28,70.09,2,0,,
36.224,0.0097,0.1453,0.5864,6.28,6.28,72.47,2,0,,
36.288,0.0166,0.1498,0.5864,6.28,6.28,69.17,2,0,,
36.352,0.0234,0.1544,0.5864,0.323,-0.323,68.26,2,0,,
36.416,0.0234,0.1543,0.5691,6.28,6.28,69.17,2,0,,
36.48,0.0303,0.1588,0.5691,6.28,6.28,69.51,2,0,,
36.544,0.0373,0.1632,0.5691,6.28,6.28,71.52,2,0,,
36.608,0.0442,0.1677,0.5691,6.28,6.28,71.85,2,0,,
36.672,0.0511,0.1721,0.5716,6.28,6.28,69.74,2,0,,
36.736,0.058,0.1765,0.5691,6.28,6.28,69.33,2,0,,
36.8,0.0649,0.1809,0.5691,0.318,-0.318,69.03,2,0,,
36.864,0.0649,0.1809,0.5543,6.28,6.28,70.64,2,0,,
36.928,0.0719,0.1853,0.5543,6.28,6.28,67.49,2,0,,
36.992,0.0789,0.1896,0.5518,6.28,6.28,67.47,2,0,,
37.056,0.0859,0.1939,0.5518,6.28,6.28,68.65,2,0,,
37.12,0.0928,0.1982,0.5543,6.28,6.28,70.75,2,0,,
37.184,0.0999,0.2025,0.5543,0.32,-0.32,74.21,2,0,,
37.248,0.0999,0.2025,0.5394,6.28,6.243,69.59,2,0,,
37.312,0.1069,0.2067,0.5369,6.28,6.002,67.64,2,0,,
37.376,0.1138,0.2108,0.5295,6.28,5.781,70.42,2,0,,
37.44,0.1207,0.2147,0.5171,6.045,5.579,70.95,2,0,,
37.504,0.1272,0.2184,0.5047,5.794,5.39,69.72,2,0,,
37.568,0.1337,0.2219,0.4948,5.555,5.2,70.34,2,0,,
37.632,0.1399,0.2253,0.4849,5.324,5.018,73.05,2,0,,
37.696,0.1459,0.2284,0.4775,5.108,4.838,69.88,2,0,,
37.76,0.1517,0.2314,0.4701,4.899,4.667,67.98,2,0,,
37.824,0.1573,0.2342,0.4676,4.713,4.487,69.25,2,0,,
37.888,0.1626,0.2369,0.4602,4.518,4.332,70.19,2,0,,
37.952,0.1679,0.2395,0.4577,4.343,4.165,70.45,2,0,,
38.016,0.1728,0.2419,0.4527,4.168,4.015,65.44,2,0,,
38.08,0.1777,0.2443,0.4478,3.997,3.87,71.74,2,0,,
38.144,0.1824,0.2465,0.4428,3.833,3.733,71.61,2,0,,
38.208,0.1868,0.2486,0.4404,3.682,3.594,68.76,2,0,,
38.272,0.1911,0.2506,0.4404,3.544,3.453,70.85,2,0,,
38.336,0.1953,0.2526,0.4379,3.404,3.325,72.25,2,0,,
38.4,0.1993,0.2544,0.4354,3.268,3.201,69.56,2,0,,
38.464,0.2031,0.2562,0.4329,3.139,3.086,70.05,2,0,,
38.528,0.2068,0.2579,0.4329,3.019,2.964,70.8,2,0,,
38.592,0.2104,0.2596,0.4305,2.898,2.856,71.91,2,0,,
38.656,0.2138,0.2611,0.4305,2.789,2.746,69.03,2,0,,
38.72,0.2171,0.2627,0.428,2.675,2.646,71.09,2,0,,
38.784,0.2203,0.2641,0.428,2.573,2.543,68.53,2,0,,
38.848,0.2233,0.2655,0.428,2.476,2.445,66.91,2,0,,
38.912,0.2263,0.2668,0.428,2.383,2.35,70.15,2,0,,
38.976,0.2291,0.2681,0.4255,2.283,2.265,68.66,2,0,,
39.04,0.2318,0.2694,0.4255,2.197,2.178,69.11,2,0,,
39.104,0.2344,0.2705,0.4255,2.114,2.095,72.64,2,0,,
39.168,0.2369,0.2717,0.423,2.025,2.021,67.76,2,0,,
39.232,0.2394,0.2727,0.4255,1.956,1.936,66.48,2,0,,
39.296,0.2417,0.2738,0.4255,1.881,1.86,70.57,2,0,,
39.36,0.244,0.2748,0.423,1.8,1.794,69.8,2,0,,
39.424,0.2461,0.2758,0.423,1.733,1.726,69.47,2,0,,
39.488,0.2482,0.2767,0.4206,1.659,1.668,68.41,2,0,,
39.552,0.2501,0.2776,0.423,1.604,1.598,64.53,2,0,,
39.616,0.2521,0.2785,0.423,1.54,1.534,66.74,2,0,,
39.68,0.2538,0.2793,0.423,1.484,1.477,70.25,2,0,,
39.744,0.2557,0.2801,0.4206,1.418,1.427,68.8,2,0,,
39.808,0.2574,0.2809,0.423,1.371,1.364,71.01,2,0,,
39.872,0.259,0.2816,0.423,1.318,1.312,73.66,2,0,,
39.936,0.2605,0.2823,0.423,1.269,1.262,72.36,2,0,,
40.0,0.2621,0.283,0.423,1.221,1.213,82.26,2,0,,
40.064,0.2635,0.2836,0.4206,1.166,1.174,71.92,2,0,,
40.128,0.2649,0.2843,0.4206,1.12,1.129,72.01,2,0,,
40.192,0.2663,0.2849,0.423,1.085,1.078,69.29,2,0,,
40.256,0.2676,0.2855,0.423,1.043,1.036,84.55,2,0,,
40.32,0.2688,0.286,0.4206,0.996,1.005,108.74,2,0,,
40.384,0.2701,0.2866,0.423,0.964,0.957,128.52,2,0,,
40.448,0.2712,0.2871,0.4206,0.921,0.929,132.55,2,0,,
40.512,0.2723,0.2876,0.423,0.893,0.886,152.18,2,1,,
40.576,0.2733,0.288,0.423,-1.043,1.043,191.9,3,1,,
40.64,0.2734,0.2881,0.475,-0.878,0.878,230.18,3,1,,
40.704,0.2733,0.288,0.5171,-0.744,0.744,232.94,3,1,,
40.768,0.2733,0.288,0.5567,-0.619,0.619,258.61,3,1,,
40.832,0.2733,0.288,0.5864,3.14,0.628,319.51,3,1,,
40.896,0.2755,0.2894,0.5245,3.14,0.628,357.35,3,1,,
40.96,0.2776,0.2905,0.4602,3.14,0.628,402.35,3,1,,
41.024,0.2799,0.2916,0.3983,3.14,0.628,511.82,3,1,,
41.088,0.2822,0.2924,0.3339,3.14,0.628,588.96,3,1,,
41.152,0.2845,0.2932,0.2695,3.14,0.628,721.76,3,1,,
41.216,0.287,0.2938,0.2076,3.14,0.628,864.38,3,1,,
41.28,0.2894,0.2942,0.1433,3.14,0.628,983.65,3,1,,
41.344,0.2919,0.2945,0.0814,3.14,0.628,1094.35,3,1,,
41.408,0.2943,0.2946,0.017,3.14,0.628,1193.11,3,1,,
41.472,0.2968,0.2945,-0.0474,3.14,0.628,1199.46,3,1,,
41.536,0.2993,0.2943,-0.1093,3.14,0.628,1181.31,3,1,,
41.6,0.3016,0.294,-0.1711,3.14,0.628,1172.09,3,1,,
41.664,0.3041,0.2935,-0.233,3.14,0.628,1198.83,3,1,,
41.728,0.3064,0.2929,-0.2974,3.14,0.628,1153.22,3,1,,
41.792,0.3088,0.2921,-0.3618,3.14,0.628,1141.3,3,1,,
41.856,0.3111,0.2911,-0.4237,3.14,0.628,1113.95,3,1,,
41.92,0.3133,0.29,-0.488,3.14,0.628,1104.81,3,1,,
41.984,0.3155,0.2888,-0.5499,3.14,0.628,1045.61,3,1,,
42.048,0.3175,0.2875,-0.6143,3.14,0.628,1019.54,3,1,,
42.112,0.3195,0.286,-0.6787,3.14,0.628,925.21,3,1,,
42.176,0.3214,0.2843,-0.7406,3.14,0.628,795.71,3,1,,
42.24,0.3231,0.2826,-0.8049,3.14,0.628,743.24,3,1,,
42.304,0.3248,0.2808,-0.8668,3.14,0.628,606.76,3,1,,
42.368,0.3263,0.2789,-0.9312,3.14,0.628,561.89,3,1,,
42.432,0.3277,0.2768,-0.9956,3.14,0.628,553.25,3,1,,
42.496,0.329,0.2747,-1.0575,3.14,0.628,527.88,3,1,,
42.56,0.3301,0.2725,-1.1218,3.14,0.628,510.71,3,1,,
42.624,0.3312,0.2702,-1.1837,3.14,0.628,439.19,3,1,,
42.688,0.332,0.2679,-1.2481,3.14,0.628,396.92,3,1,,
42.752,0.3327,0.2656,-1.3125,3.14,0.628,370.85,3,1,,
42.816,0.3333,0.2632,-1.3744,3.14,0.628,365.89,3,1,,
42.88,0.3337,0.2607,-1.4387,3.14,0.628,358.77,3,1,,
42.944,0.3339,0.2582,-1.5006,3.14,0.628,326.1,3,1,,
43.008,0.334,0.2558,-1.565,-6.28,6.28,281.88,3,1,,
43.072,0.334,0.2558,-1.2481,-6.28,6.28,270.2,3,1,,
43.136,0.334,0.2558,-0.9312,-6.04,6.04,250.99,3,1,,
43.2,0.334,0.2558,-0.6292,-5.083,5.083,231.7,3,1,,
43.264,0.334,0.2558,-0.3717,-4.266,4.266,235.33,3,1,,
43.328,0.334,0.2558,-0.1588,-3.591,3.591,227.51,3,1,,
43.392,0.334,0.2558,0.0244,-3.01,3.01,213.23,3,1,,
43.456,0.334,0.2558,0.173,-2.539,2.539,195.97,3,1,,
43.52,0.334,0.2558,0.3017,-2.131,2.131,160.06,3,1,,
43.584,0.334,0.2558,0.4107,-1.786,1.786,161.91,3,1,,
43.648,0.334,0.2558,0.4998,-1.503,1.503,148.7,3,0,,
43.712,0.334,0.2558,0.5741,-1.268,1.268,124.92,3,0,,
43.776,0.334,0.2558,0.6384,-1.063,1.063,117.7,3,0,,
43.84,0.334,0.2558,0.6929,-0.891,0.891,121.14,3,0,,
43.904,0.334,0.2558,0.7375,-0.749,0.749,115.64,3,0,,
43.968,0.334,0.2558,0.7771,-0.624,0.624,108.74,3,0,,
44.032,0.334,0.2558,0.8068,-0.53,0.53,91.24,3,0,,
44.096,0.334,0.2558,0.834,-0.443,0.443,83.59,3,0,,
44.16,0.334,0.2558,0.8563,-0.373,0.373,85.25,3,0,,
44.224,0.334,0.2558,0.8761,6.28,6.28,71.67,3,0,,
44.288,0.3393,0.2621,0.8761,-0.319,0.319,70.62,3,0,,
44.352,0.3393,0.2621,0.891,6.28,6.28,68.91,3,0,,
44.416,0.3444,0.2685,0.8934,6.28,6.28,68.79,3,0,,
44.48,0.3496,0.2749,0.891,6.28,6.28,66.49,3,0,,
44.544,0.3547,0.2813,0.891,6.28,6.28,67.72,3,0,,
44.608,0.3599,0.2877,0.891,6.28,6.28,86.72,3,0,,
44.672,0.365,0.294,0.8934,6.28,6.28,71.16,3,0,,
44.736,0.3702,0.3005,0.8934,-0.319,0.319,71.81,3,0,,
44.8,0.3702,0.3005,0.9083,6.28,6.28,66.74,3,0,,
44.864,0.3753,0.307,0.9083,6.28,6.28,69.68,3,0,,
44.928,0.3803,0.3134,0.9058,6.188,6.28,70.8,3,0,,
44.992,0.3853,0.3198,0.9108,5.956,6.28,68.1,3,0,,
45.056,0.3902,0.3262,0.9182,5.734,6.28,72.01,3,0,,
45.12,0.3949,0.3324,0.933,5.542,6.035,68.85,3,0,,
45.184,0.3994,0.3386,0.943,5.343,5.791,70.23,3,0,,
45.248,0.4037,0.3445,0.9553,5.161,5.547,69.13,3,0,,
45.312,0.4077,0.3502,0.9652,4.983,5.32,72.95,3,0,,
45.376,0.4115,0.3557,0.9727,4.802,5.105,72.7,3,0,,
45.44,0.4151,0.3611,0.9801,4.63,4.897,68.34,3,0,,
45.504,0.4186,0.3663,0.9875,4.466,4.696,69.06,3,0,,
45.568,0.4219,0.3713,0.9949,4.311,4.501,66.43,3,0,,
45.632,0.425,0.3762,0.9999,4.153,4.319,69.88,3,0,,
45.696,0.428,0.3809,1.0024,3.994,4.151,64.64,3,0,,
45.76,0.4309,0.3854,1.0073,3.853,3.984,74.59,3,0,,
45.824,0.4336,0.3897,1.0098,3.709,3.829,67.51,3,0,,
45.888,0.4362,0.3939,1.0123,3.57,3.679,69.2,3,0,,
45.952,0.4387,0.398,1.0147,3.434,3.532,71.76,3,0,,
46.016,0.4411,0.4018,1.0197,3.316,3.386,71.37,3,0,,
46.08,0.4434,0.4055,1.0197,3.187,3.259,70.58,3,0,,
46.144,0.4456,0.4092,1.0197,3.061,3.136,66.07,3,0,,
46.208,0.4478,0.4126,1.0222,2.949,3.011,69.65,3,0,,
46.272,0.4498,0.416,1.0247,2.841,2.889,70.79,3,0,,
46.336,0.4517,0.4192,1.0247,2.731,2.781,67.3,3,0,,
46.4,0.4536,0.4223,1.0271,2.63,2.666,71.33,3,0,,
46.464,0.4554,0.4252,1.0296,2.538,2.559,69.88,3,0,,
46.528,0.4571,0.4281,1.0296,2.439,2.462,71.58,3,0,,
46.592,0.4588,0.4308,1.0296,2.345,2.368,70.5,3,0,,
46.656,0.4604,0.4335,1.0296,2.254,2.278,68.5,3,0,,
46.72,0.4619,0.436,1.0296,2.167,2.192,69.94,3,0,,
46.784,0.4634,0.4385,1.0321,2.089,2.1,67.99,3,0,,
46.848,0.4648,0.4408,1.0321,2.01,2.021,72.7,3,0,,
46.912,0.4662,0.4432,1.0321,1.931,1.942,69.6,3,0,,
46.976,0.4674,0.4453,1.0321,1.859,1.87,70.73,3,0,,
47.04,0.4687,0.4474,1.0346,1.793,1.789,66.36,3,0,,
47.104,0.4699,0.4495,1.0321,1.716,1.727,68.41,3,0,,
47.168,0.471,0.4513,1.0321,1.651,1.664,68.96,3,0,,
47.232,0.4722,0.4532,1.0321,1.587,1.6,70.41,3,0,,
47.296,0.4733,0.455,1.0346,1.533,1.53,68.21,3,0,,
47.36,0.4743,0.4568,1.0321,1.466,1.479,67.01,3,0,,
47.424,0.4753,0.4584,1.0321,1.409,1.423,69.22,3,0,,
47.488,0.4762,0.46,1.0346,1.363,1.361,70.46,3,0,,
47.552,0.4771,0.4616,1.0346,1.31,1.308,69.73,3,0,,
47.616,0.478,0.463,1.0346,1.261,1.259,69.82,3,0,,
47.68,0.4789,0.4644,1.0346,1.212,1.21,70.71,3,0,,
47.744,0.4796,0.4658,1.0346,1.167,1.165,70.04,3,0,,
47.808,0.4804,0.4671,1.0346,1.122,1.119,69.51,3,0,,
47.872,0.4812,0.4684,1.0321,1.07,1.084,71.01,3,0,,
47.936,0.4819,0.4696,1.0321,1.029,1.043,69.07,3,0,,
48.0,0.4826,0.4707,1.0346,0.997,0.996,69.29,3,0,,
48.064,0.4833,0.4719,1.0346,0.959,0.958,72.99,3,0,,
48.128,0.4839,0.473,1.0346,0.921,0.92,67.64,3,0,,
48.192,0.4845,0.474,1.0321,0.878,0.892,67.61,3,0,,
48.256,0.4851,0.475,1.0346,-1.491,1.491,68.39,4,0,,
48.32,0.4851,0.475,1.1113,-1.248,1.248,69.91,4,0,,
48.384,0.4851,0.475,1.1707,-1.059,1.059,71.52,4,0,,
48.448,0.4851,0.475,1.2252,-0.887,0.887,68.39,4,0,,
48.512,0.4851,0.475,1.2698,-0.745,0.745,68.71,4,0,,
48.576,0.4851,0.475,1.3094,-0.62,0.62,71.64,4,0,,
48.64,0.4851,0.475,1.3391,-0.526,0.526,73.31,4,0,,
48.704,0.4851,0.4749,1.3663,-0.439,0.439,68.97,4,0,,
48.768,0.4851,0.475,1.3886,-0.369,0.369,68.18,4,0,,
48.832,0.4851,0.475,1.4084,6.28,6.28,66.98,4,0,,
48.896,0.4865,0.4831,1.4059,-0.325,0.325,69.14,4,0,,
48.96,0.4865,0.4831,1.4233,6.089,6.28,69.15,4,0,,
49.024,0.4877,0.4912,1.4282,5.858,6.28,70.9,4,0,,
49.088,0.4887,0.4989,1.4381,5.651,6.137,71.17,4,0,,
49.152,0.4897,0.5066,1.453,5.464,5.873,69.59,4,0,,
49.216,0.4905,0.514,1.4604,5.263,5.641,69.58,4,0,,
49.28,0.4913,0.5211,1.4703,5.077,5.406,69.94,4,0,,
49.344,0.4919,0.5279,1.4802,4.903,5.181,67.35,4,0,,
49.408,0.4925,0.5345,1.4851,4.721,4.978,72.85,4,0,,
49.472,0.493,0.5408,1.4926,4.554,4.773,70.86,4,0,,
49.536,0.4935,0.5468,1.4975,4.389,4.585,69.35,4,0,,
49.6,0.4939,0.5528,1.5025,4.227,4.399,68.65,4,0,,
49.664,0.4943,0.5584,1.5074,4.074,4.221,70.82,4,0,,
49.728,0.4946,0.5639,1.5099,3.919,4.056,70.69,4,0,,
49.792,0.4949,0.569,1.5149,3.782,3.892,70.92,4,0,,
49.856,0.4952,0.5741,1.5173,3.639,3.737,72.51,4,0,,
49.92,0.4955,0.5789,1.5198,3.504,3.59,70.27,4,0,,
49.984,0.4957,0.5835,1.5198,3.366,3.456,70.84,4,0,,
50.048,0.4959,0.588,1.5223,3.243,3.32,67.5,4,0,,
50.112,0.4961,0.5923,1.5248,3.123,3.187,68.25,4,0,,
50.176,0.4963,0.5965,1.5272,3.007,3.058,70.65,4,0,,
50.24,0.4965,0.6004,1.5297,2.899,2.936,68.98,4,0,,
50.304,0.4966,0.6042,1.5297,2.785,2.824,68.94,4,0,,
50.368,0.4968,0.6079,1.5322,2.685,2.709,70.02,4,0,,
50.432,0.4969,0.6114,1.5297,2.573,2.614,69.01,4,0,,
50.496,0.4971,0.6149,1.5322,2.48,2.507,69.82,4,0,,
50.56,0.4972,0.6181,1.5322,2.386,2.413,70.99,4,0,,
50.624,0.4973,0.6212,1.5347,2.301,2.313,71.19,4,0,,
50.688,0.4974,0.6242,1.5322,2.204,2.233,68.22,4,0,,
50.752,0.4975,0.6271,1.5347,2.127,2.141,70.32,4,0,,
50.816,0.4976,0.63,1.5347,2.044,2.058,69.78,4,0,,
50.88,0.4977,0.6327,1.5347,1.964,1.979,68.75,4,0,,
50.944,0.4978,0.6352,1.5347,1.889,1.904,67.64,4,0,,
51.008,0.4979,0.6377,1.5347,1.817,1.833,67.89,4,0,,
51.072,0.498,0.6401,1.5371,1.755,1.756,71.33,4,0,,
51.136,0.4981,0.6424,1.5371,1.687,1.688,69.76,4,0,,
51.2,0.4981,0.6446,1.5347,1.613,1.63,69.29,4,0,,
51.264,0.4982,0.6468,1.5371,1.558,1.56,69.54,4,0,,
51.328,0.4983,0.6488,1.5371,1.498,1.5,71.58,4,0,,
51.392,0.4984,0.6507,1.5371,1.441,1.443,75.16,4,0,,
51.456,0.4984,0.6527,1.5371,1.385,1.387,73.17,4,0,,
51.52,0.4985,0.6545,1.5371,1.332,1.334,73.5,4,0,,
51.584,0.4985,0.6562,1.5371,1.283,1.285,72.47,4,0,,
51.648,0.4986,0.658,1.5371,1.23,1.232,70.42,4,0,,
51.712,0.4987,0.6595,1.5371,1.185,1.187,67.73,4,0,,
51.776,0.4987,0.661,1.5371,1.14,1.142,70.37,4,0,,
51.84,0.4988,0.6626,1.5371,1.094,1.097,70.55,4,0,,
51.904,0.4988,0.664,1.5371,1.053,1.055,72.76,4,0,,
51.968,0.4988,0.6654,1.5371,1.011,1.014,69.69,4,0,,
52.032,0.4989,0.6667,1.5371,0.974,0.976,67.03,4,0,,
52.096,0.4989,0.668,1.5371,0.936,0.939,69.12,4,0,,
52.16,0.499,0.6692,1.5396,0.908,0.895,72.66,4,0,,
52.224,0.499,0.6704,1.5371,4.411,-4.411,69.6,5,0,,
52.288,0.499,0.6704,1.3143,3.704,-3.704,71.82,5,0,,
52.352,0.499,0.6704,1.1286,3.115,-3.115,70.45,5,0,,
52.416,0.499,0.6704,0.9702,2.612,-2.612,72.45,5,0,,
52.48,0.499,0.6704,0.839,2.197,-2.197,68.86,5,0,,
52.544,0.499,0.6704,0.7276,1.843,-1.843,67.54,5,0,,
52.608,0.499,0.6704,0.636,1.553,-1.553,69.21,5,0,,
52.672,0.499,0.6704,0.5567,1.302,-1.302,72.16,5,0,,
52.736,0.499,0.6704,0.4924,1.098,-1.098,70.59,5,0,,
52.8,0.499,0.6704,0.4354,0.917,-0.917,68.91,5,0,,
52.864,0.499,0.6704,0.3909,0.776,-0.776,72.6,5,0,,
52.928,0.499,0.6704,0.3512,0.65,-0.65,70.61,5,0,,
52.992,0.499,0.6704,0.3191,0.548,-0.548,70.5,5,0,,
53.056,0.499,0.6704,0.2918,0.462,-0.462,72.06,5,0,,
53.12,0.499,0.6704,0.2671,0.383,-0.383,69.87,5,0,,
53.184,0.499,0.6704,0.2473,0.32,-0.32,79.41,5,0,,
53.248,0.499,0.6704,0.2324,6.22,5.674,98.22,5,0,,
53.312,0.5066,0.6721,0.2176,5.954,5.482,101.03,5,0,,
53.376,0.5139,0.6737,0.2052,5.707,5.296,110.18,5,0,,
53.44,0.5209,0.6751,0.1953,5.473,5.11,118.75,5,0,,
53.504,0.5278,0.6764,0.1854,5.245,4.931,123.85,5,0,,
53.568,0.5343,0.6776,0.1779,5.033,4.755,134.46,5,0,,
53.632,0.5406,0.6788,0.173,4.834,4.577,146.83,5,0,,
53.696,0.5467,0.6798,0.1656,4.637,4.417,158.98,5,1,,
53.76,0.5526,0.6808,0.1581,4.442,4.262,169.22,5,1,,
53.824,0.5582,0.6817,0.1557,4.27,4.099,182.32,5,1,,
53.888,0.5636,0.6825,0.1507,4.099,3.953,197.44,5,1,,
53.952,0.5688,0.6833,0.1482,3.938,3.802,214.66,5,1,,
54.016,0.5738,0.684,0.1433,3.777,3.668,230.98,5,1,,
54.08,0.5787,0.6847,0.1433,3.636,3.523,241.97,5,1,,
54.144,0.5833,0.6854,0.1408,3.493,3.391,265.91,5,1,,
54.208,0.5878,0.686,0.1359,3.347,3.273,297.62,5,1,,
54.272,0.592,0.6866,0.1334,3.215,3.154,299.85,5,1,,
54.336,0.5962,0.6871,0.1309,0.628,3.14,325.02,5,1,,
54.4,0.5986,0.6875,0.1953,0.628,3.14,340.88,5,1,,
54.464,0.6011,0.6881,0.2572,0.628,3.14,365.41,5,1,,
54.528,0.6034,0.6888,0.3215,0.628,3.14,375.26,5,1,,
54.592,0.6057,0.6896,0.3859,0.628,3.14,399.88,5,1,,
54.656,0.608,0.6906,0.4478,0.628,3.14,429.95,5,1,,
54.72,0.6102,0.6918,0.5122,0.628,3.14,480.76,5,1,,
54.784,0.6123,0.6931,0.5741,0.628,3.14,533.56,5,1,,
54.848,0.6143,0.6945,0.6384,0.628,3.14,591.31,5,1,,
54.912,0.6162,0.696,0.7028,0.628,3.14,646.84,5,1,,
54.976,0.6181,0.6977,0.7647,0.628,3.14,764.63,5,1,,
55.04,0.6198,0.6994,0.8291,0.628,3.14,835.01,5,1,,
55.104,0.6214,0.7013,0.891,0.628,3.14,911.38,5,1,,
55.168,0.6229,0.7033,0.9553,0.628,3.14,1103.64,5,1,,
55.232,0.6243,0.7053,1.0197,0.628,3.14,1242.74,5,1,,
55.296,0.6255,0.7075,1.0816,0.628,3.14,1344.0,5,1,,
55.36,0.6266,0.7097,1.146,0.628,3.14,1414.68,5,1,,
55.424,0.6276,0.712,1.2079,0.628,3.14,1446.49,5,1,,
55.488,0.6284,0.7143,1.2722,0.628,3.14,1495.02,5,1,,
55.552,0.629,0.7167,1.3366,0.628,3.14,1549.23,5,1,,
55.616,0.6295,0.7191,1.3985,0.628,3.14,1593.0,5,1,,
55.68,0.6298,0.7216,1.4629,0.628,3.14,1641.8,5,1,,
55.744,0.63,0.7241,1.5248,0.628,3.14,1666.19,5,1,,
55.808,0.6301,0.7265,1.5891,0.628,3.14,1714.22,5,1,,
55.872,0.6299,0.7289,1.6535,0.628,3.14,1748.37,5,1,,
55.936,0.6297,0.7314,1.7154,0.628,3.14,1770.66,5,1,,
56.0,0.6292,0.7339,1.7798,0.628,3.14,1792.47,5,1,,
56.064,0.6286,0.7363,1.8417,0.628,3.14,1815.23,5,1,,
56.128,0.6279,0.7386,1.906,0.628,3.14,1815.29,5,1,,
56.192,0.627,0.7409,1.9704,0.628,3.14,1813.38,5,1,,
56.256,0.626,0.7432,2.0323,0.628,3.14,1813.59,5,1,,
56.32,0.6248,0.7453,2.0967,0.628,3.14,1805.05,5,1,,
56.384,0.6235,0.7475,2.1586,0.628,3.14,1805.44,5,1,,
56.448,0.6221,0.7495,2.2229,0.628,3.14,1789.5,5,1,,
56.512,0.6205,0.7514,2.2873,0.628,3.14,1789.21,5,1,,
56.576,0.6188,0.7532,2.3492,0.628,3.14,1761.53,5,1,,
56.64,0.6171,0.7548,2.4111,0.628,3.14,1742.49,5,1,,
56.704,0.6152,0.7565,2.473,0.628,3.14,1719.3,5,1,,
56.768,0.6132,0.7579,2.5373,0.628,3.14,1692.33,5,1,,
56.832,0.6112,0.7592,2.6017,0.628,3.14,1649.95,5,1,,
56.896,0.609,0.7605,2.6636,0.628,3.14,1625.49,5,1,,
56.96,0.6068,0.7615,2.728,0.628,3.14,1580.14,5,1,,
57.024,0.6044,0.7625,2.7899,0.628,3.14,1481.98,5,1,,
57.088,0.6021,0.7632,2.8542,0.628,3.14,1436.31,5,1,,
57.152,0.5997,0.7638,2.9186,0.628,3.14,1358.73,5,1,,
57.216,0.5973,0.7643,2.9805,0.628,3.14,1264.49,5,1,,
57.28,0.5948,0.7646,3.0449,0.628,3.14,1159.22,5,1,,
57.344,0.5923,0.7648,3.1068,0.628,3.14,1094.69,5,1,,
57.408,0.5899,0.7648,-3.112,0.628,3.14,1127.54,5,1,,
57.472,0.5875,0.7647,-3.0477,0.628,3.14,1147.92,5,1,,
57.536,0.585,0.7643,-2.9858,0.628,3.14,1178.41,5,1,,
57.6,0.5826,0.7639,-2.9214,0.628,3.14,1199.15,5,1,,
57.664,0.5801,0.7633,-2.8595,0.628,3.14,1216.72,5,1,,
57.728,0.5778,0.7625,-2.7951,0.628,3.14,1242.16,5,1,,
57.792,0.5755,0.7616,-2.7308,0.628,3.14,1260.8,5,1,,
57.856,0.5733,0.7605,-2.6689,0.628,3.14,1295.95,5,1,,
57.92,0.5711,0.7593,-2.6045,0.628,3.14,1293.79,5,1,,
57.984,0.569,0.758,-2.5426,0.628,3.14,1257.37,5,1,,
58.048,0.567,0.7565,-2.4782,0.628,3.14,1280.05,5,1,,
58.112,0.5651,0.755,-2.4139,0.628,3.14,1250.36,5,1,,
58.176,0.5633,0.7533,-2.352,0.628,3.14,1223.58,5,1,,
58.24,0.5617,0.7515,-2.2876,0.628,3.14,1206.91,5,1,,
58.304,0.5601,0.7495,-2.2257,0.628,3.14,1183.07,5,1,,
58.368,0.5586,0.7475,-2.1613,0.628,3.14,1146.85,5,1,,
58.432,0.5573,0.7455,-2.097,0.628,3.14,1079.12,5,1,,
58.496,0.5562,0.7432,-2.0351,0.628,3.14,1060.32,5,1,,
58.56,0.5551,0.741,-1.9707,0.628,3.14,982.74,5,1,,
58.624,0.5542,0.7387,-1.9088,0.628,3.14,894.72,5,1,,
58.688,0.5535,0.7364,-1.8444,0.628,3.14,824.93,5,1,,
58.752,0.5529,0.734,-1.7801,0.628,3.14,760.75,5,1,,
58.816,0.5525,0.7315,-1.7182,0.628,3.14,713.34,5,1,,
58.88,0.5522,0.7291,-1.6538,0.628,3.14,700.58,5,1,,
58.944,0.552,0.7266,-1.5919,0.628,3.14,746.74,5,1,,
59.008,0.5521,0.7241,-1.5275,3.14,0.628,855.84,5,1,,
59.072,0.5521,0.7217,-1.5919,3.14,0.628,840.7,5,1,,
59.136,0.552,0.7192,-1.6563,3.14,0.628,906.94,5,1,,
59.2,0.5517,0.7167,-1.7182,3.14,0.628,967.76,5,1,,
59.264,0.5512,0.7143,-1.7826,3.14,0.628,980.61,5,1,,
59.328,0.5506,0.7119,-1.8444,3.14,0.628,1099.58,5,1,,
59.392,0.5499,0.7096,-1.9088,3.14,0.628,1167.23,5,1,,
59.456,0.549,0.7073,-1.9732,3.14,0.628,1202.61,5,1,,
59.52,0.548,0.705,-2.0351,3.14,0.628,1226.13,5,1,,
59.584,0.5468,0.7029,-2.0995,3.14,0.628,1247.54,5,1,,
59.648,0.5455,0.7008,-2.1638,3.14,0.628,1295.1,5,1,,
59.712,0.544,0.6987,-2.2257,3.14,0.628,1309.83,5,1,,
59.776,0.5425,0.6969,-2.2901,3.14,0.628,1326.06,5,1,,
59.84,0.5408,0.695,-2.352,3.14,0.628,1331.79,5,1,,
59.904,0.539,0.6933,-2.4164,3.14,0.628,1316.88,5,1,,
59.968,0.5371,0.6918,-2.4807,3.14,0.628,1329.65,5,1,,
60.032,0.5351,0.6903,-2.5426,3.14,0.628,1320.8,5,1,,
60.096,0.5331,0.689,-2.6045,3.14,0.628,1307.74,5,1,,
60.16,0.5309,0.6878,-2.6664,3.14,0.628,1293.58,5,1,,
60.224,0.5287,0.6868,-2.7308,3.14,0.628,1260.43,5,1,,
60.288,0.5264,0.6858,-2.7951,3.14,0.628,1235.7,5,1,,
60.352,0.524,0.6851,-2.857,3.14,0.628,1199.25,5,1,,
60.416,0.5216,0.6845,-2.9214,3.14,0.628,1169.76,5,1,,
60.48,0.5192,0.684,-2.9833,3.14,0.628,1205.66,5,1,,
60.544,0.5167,0.6837,-3.0477,3.14,0.628,1296.28,5,1,,
60.608,0.5143,0.6835,-3.112,3.14,0.628,1379.35,5,1,,
60.672,0.5118,0.6835,3.1092,3.14,0.628,1441.36,5,1,,
60.736,0.5094,0.6837,3.0449,3.14,0.628,1493.24,5,1,,
60.8,0.5069,0.684,2.983,3.14,0.628,1545.22,5,1,,
60.864,0.5045,0.6845,2.9186,3.14,0.628,1580.42,5,1,,
60.928,0.5021,0.6851,2.8542,3.14,0.628,1638.61,5,1,,
60.992,0.4997,0.6859,2.7924,3.14,0.628,1684.9,5,1,,
61.056,0.4974,0.6868,2.728,3.14,0.628,1703.18,5,1,,
61.12,0.4952,0.6879,2.6661,3.14,0.628,1731.74,5,1,,
61.184,0.493,0.6891,2.6017,3.14,0.628,1757.84,5,1,,
61.248,0.491,0.6904,2.5373,3.14,0.628,1772.96,5,1,,
61.312,0.489,0.6919,2.4755,3.14,0.628,1787.02,5,1,,
61.376,0.4871,0.6934,2.4111,3.14,0.628,1799.56,5,1,,
61.44,0.4853,0.6952,2.3492,3.14,0.628,1831.1,5,1,,
61.504,0.4836,0.697,2.2848,3.14,0.628,1827.89,5,1,,
61.568,0.4821,0.6989,2.2204,3.14,0.628,1828.67,5,1,,
61.632,0.4806,0.7009,2.1586,3.14,0.628,1821.31,5,1,,
61.696,0.4793,0.703,2.0942,3.14,0.628,1802.32,5,1,,
61.76,0.4781,0.7052,2.0323,3.14,0.628,1795.78,5,1,,
61.824,0.4771,0.7074,1.9679,3.14,0.628,1790.45,5,1,,
61.888,0.4762,0.7097,1.9035,3.14,0.628,1764.6,5,1,,
61.952,0.4755,0.7121,1.8417,3.14,0.628,1737.63,5,1,,
62.016,0.4749,0.7145,1.7773,3.14,0.628,1704.4,5,1,,
62.08,0.4745,0.717,1.7154,3.14,0.628,1669.53,5,1,,
62.144,0.4742,0.7194,1.651,3.14,0.628,1641.23,5,1,,
62.208,0.4741,0.7218,1.5867,3.14,0.628,1578.53,5,1,,
62.272,0.4741,0.7243,1.5248,3.14,0.628,1544.62,5,1,,
62.336,0.4743,0.7268,1.4604,3.14,0.628,1475.74,5,1,,
62.4,0.4747,0.7293,1.3985,3.14,0.628,1389.28,5,1,,
62.464,0.4751,0.7316,1.3366,3.14,0.628,1317.35,5,1,,
62.528,0.4758,0.734,1.2722,3.14,0.628,1226.24,5,1,,
62.592,0.4766,0.7363,1.2103,3.14,0.628,1096.98,5,1,,
62.656,0.4775,0.7386,1.146,3.14,0.628,1034.6,5,1,,
62.72,0.4786,0.7408,1.0841,3.14,0.628,854.31,5,1,,
62.784,0.4799,0.743,1.0197,3.14,0.628,795.41,5,1,,
62.848,0.4812,0.745,0.9553,3.14,0.628,648.53,5,1,,
62.912,0.4827,0.747,0.8934,3.14,0.628,566.47,5,1,,
62.976,0.4843,0.7489,0.8291,3.14,0.628,519.49,5,1,,
63.04,0.4861,0.7507,0.7672,3.14,0.628,530.09,5,1,,
63.104,0.4879,0.7523,0.7028,3.14,0.628,533.03,5,1,,
63.168,0.4898,0.7538,0.6384,3.14,0.628,547.89,5,1,,
63.232,0.4919,0.7553,0.5765,3.14,0.628,553.12,5,1,,
63.296,0.4939,0.7565,0.5122,3.14,0.628,581.66,5,1,,
63.36,0.4962,0.7577,0.4503,3.14,0.628,593.39,5,1,,
63.424,0.4984,0.7587,0.3859,3.14,0.628,660.23,5,1,,
63.488,0.5007,0.7595,0.3215,3.14,0.628,763.61,5,1,,
63.552,0.5031,0.7603,0.2596,3.14,0.628,788.2,5,1,,
63.616,0.5055,0.7608,0.1953,3.14,0.628,819.8,5,1,,
63.68,0.508,0.7612,0.1334,3.14,0.628,909.1,5,1,,
63.744,0.5104,0.7615,0.069,3.14,0.628,974.03,5,1,,
63.808,0.5128,0.7616,0.0046,3.14,0.628,1015.05,5,1,,
63.872,0.5154,0.7615,-0.0573,3.14,0.628,1056.16,5,1,,
63.936,0.5178,0.7613,-0.1216,3.14,0.628,1084.45,5,1,,
64.0,0.5203,0.7609,-0.1835,3.14,0.628,1180.58,5,1,,
64.064,0.5227,0.7604,-0.2479,3.14,0.628,1265.58,5,1,,
64.128,0.525,0.7597,-0.3123,3.14,0.628,1297.14,5,1,,
64.192,0.5274,0.7588,-0.3742,3.14,0.628,1343.46,5,1,,
64.256,0.5296,0.7579,-0.4385,3.14,0.628,1385.83,5,1,,
64.32,0.5319,0.7567,-0.5004,3.14,0.628,1402.46,5,1,,
64.384,0.534,0.7555,-0.5648,3.14,0.628,1435.98,5,1,,
64.448,0.536,0.7541,-0.6292,3.14,0.628,1478.66,5,1,,
64.512,0.538,0.7526,-0.6911,3.14,0.628,1494.82,5,1,,
64.576,0.5398,0.751,-0.7554,3.14,0.628,1511.03,5,1,,
64.64,0.5416,0.7492,-0.8173,3.14,0.628,1571.17,5,1,,
64.704,0.5432,0.7474,-0.8817,3.14,0.628,1568.03,5,1,,
64.768,0.5447,0.7454,-0.9461,3.14,0.628,1605.64,5,1,,
64.832,0.5461,0.7434,-1.0055,3.14,0.628,1632.54,5,1,,
64.896,0.5473,0.7413,-1.0698,3.14,0.628,1664.76,5,1,,
64.96,0.5484,0.739,-1.1317,3.14,0.628,1684.95,5,1,,
65.024,0.5494,0.7368,-1.1961,3.14,0.628,1690.8,5,1,,
65.088,0.5502,0.7345,-1.2605,3.14,0.628,1697.85,5,1,,
65.152,0.5509,0.7321,-1.3224,3.14,0.628,1728.1,5,1,,
65.216,0.5515,0.7297,-1.3867,3.14,0.628,1740.02,5,1,,
65.28,0.5518,0.7272,-1.4486,3.14,0.628,1744.12,5,1,,
65.344,0.5521,0.7248,-1.513,3.14,0.628,1751.03,5,1,,
65.408,0.5521,0.7223,-1.5774,3.14,0.628,1772.24,5,1,,
65.472,0.552,0.7198,-1.6393,3.14,0.628,1783.94,5,1,,
65.536,0.5518,0.7174,-1.7036,3.14,0.628,1792.49,5,1,,
65.6,0.5514,0.7149,-1.7655,3.14,0.628,1800.75,5,1,,
65.664,0.5508,0.7125,-1.8299,3.14,0.628,1799.58,5,1,,
65.728,0.5501,0.7102,-1.8943,3.14,0.628,1795.31,5,1,,
65.792,0.5492,0.7078,-1.9562,3.14,0.628,1814.77,5,1,,
65.856,0.5483,0.7056,-2.0205,3.14,0.628,1827.79,5,1,,
65.92,0.5471,0.7034,-2.0824,3.14,0.628,1818.87,5,1,,
65.984,0.5458,0.7013,-2.1468,3.14,0.628,1821.68,5,1,,
66.048,0.5444,0.6993,-2.2112,3.14,0.628,1837.68,5,1,,
66.112,0.5429,0.6973,-2.2731,3.14,0.628,1824.22,5,1,,
66.176,0.5412,0.6955,-2.3374,3.14,0.628,1821.53,5,1,,
66.24,0.5394,0.6937,-2.3993,3.14,0.628,1817.83,5,1,,
66.304,0.5376,0.6921,-2.4637,3.14,0.628,1815.65,5,1,,
66.368,0.5356,0.6907,-2.5281,3.14,0.628,1814.96,5,1,,
66.432,0.5335,0.6893,-2.59,3.14,0.628,1805.32,5,1,,
66.496,0.5314,0.6881,-2.6543,3.14,0.628,1789.62,5,1,,
66.56,0.5291,0.687,-2.7162,3.14,0.628,1787.44,5,1,,
66.624,0.5269,0.686,-2.7806,3.14,0.628,1775.65,5,1,,
66.688,0.5246,0.6852,-2.845,3.14,0.628,1764.41,5,1,,
66.752,0.5222,0.6846,-2.9069,3.14,0.628,1748.43,5,1,,
66.816,0.5198,0.6841,-2.9712,3.14,0.628,1744.39,5,1,,
66.88,0.5173,0.6837,-3.0331,3.14,0.628,1740.22,5,1,,
66.944,0.5148,0.6836,-3.0975,3.14,0.628,1737.66,5,1,,
67.008,0.5124,0.6835,3.1213,3.14,0.628,1711.24,5,1,,
67.072,0.5099,0.6836,3.0594,3.14,0.628,1683.67,5,1,,
67.136,0.5074,0.6839,2.995,3.14,0.628,1677.96,5,1,,
67.2,0.505,0.6844,2.9332,3.14,0.628,1649.92,5,1,,
67.264,0.5027,0.6849,2.8713,3.14,0.628,1626.62,5,1,,
67.328,0.5003,0.6857,2.8069,3.14,0.628,1613.69,5,1,,
67.392,0.498,0.6866,2.745,3.14,0.628,1597.67,5,1,,
67.456,0.4958,0.6876,2.6806,3.14,0.628,1559.26,5,1,,
67.52,0.4935,0.6888,2.6187,3.14,0.628,1533.11,5,1,,
67.584,0.4915,0.6901,2.5544,3.14,0.628,1510.66,5,1,,
67.648,0.4895,0.6915,2.49,3.14,0.628,1494.14,5,1,,
67.712,0.4875,0.6931,2.4281,3.14,0.628,1465.65,5,1,,
67.776,0.4857,0.6947,2.3637,3.14,0.628,1439.12,5,1,,
67.84,0.484,0.6965,2.3018,3.14,0.628,1399.82,5,1,,
67.904,0.4824,0.6984,2.2375,3.14,0.628,1367.56,5,1,,
67.968,0.481,0.7004,2.1731,3.14,0.628,1302.32,5,1,,
68.032,0.4796,0.7025,2.1112,3.14,0.628,1252.16,5,1,,
68.096,0.4784,0.7046,2.0468,3.14,0.628,1216.91,5,1,,
68.16,0.4773,0.7069,1.9849,3.14,0.628,1134.56,5,1,,
68.224,0.4764,0.7092,1.9206,3.14,0.628,1138.81,5,1,,
68.288,0.4757,0.7115,1.8562,3.14,0.628,1160.07,5,1,,
68.352,0.475,0.7139,1.7943,3.14,0.628,1170.61,5,1,,
68.416,0.4746,0.7163,1.7299,3.14,0.628,1219.81,5,1,,
68.48,0.4743,0.7188,1.668,3.14,0.628,1240.01,5,1,,
68.544,0.4741,0.7212,1.6037,3.14,0.628,1243.85,5,1,,
68.608,0.4741,0.7237,1.5393,3.14,0.628,1261.41,5,1,,
68.672,0.4742,0.7262,1.4774,3.14,0.628,1285.22,5,1,,
68.736,0.4746,0.7286,1.413,3.14,0.628,1295.33,5,1,,
68.8,0.475,0.7311,1.3511,3.14,0.628,1275.3,5,1,,
68.864,0.4756,0.7335,1.2868,3.14,0.628,1291.11,5,1,,
68.928,0.4764,0.7358,1.2224,3.14,0.628,1313.42,5,1,,
68.992,0.4773,0.7381,1.1605,3.14,0.628,1301.45,5,1,,
69.056,0.4784,0.7403,1.0961,3.14,0.628,1342.31,5,1,,
69.12,0.4796,0.7425,1.0342,3.14,0.628,1333.14,5,1,,
69.184,0.4809,0.7446,0.9699,3.14,0.628,1319.04,5,1,,
69.248,0.4824,0.7466,0.9055,3.14,0.628,1328.11,5,1,,
69.312,0.484,0.7485,0.8436,3.14,0.628,1339.7,5,1,,
69.376,0.4856,0.7503,0.7792,3.14,0.628,1319.38,5,1,,
69.44,0.4875,0.752,0.7173,3.14,0.628,1306.76,5,1,,
69.504,0.4894,0.7535,0.653,3.14,0.628,1305.63,5,1,,
69.568,0.4914,0.7549,0.5886,3.14,0.628,1288.45,5,1,,
69.632,0.4934,0.7562,0.5292,3.14,0.628,1291.55,5,1,,
69.696,0.4956,0.7574,0.4648,3.14,0.628,1286.66,5,1,,
69.76,0.4979,0.7585,0.4029,3.14,0.628,1285.61,5,1,,
69.824,0.5002,0.7593,0.3385,3.14,0.628,1257.47,5,1,,
69.888,0.5025,0.7601,0.2742,3.14,0.628,1265.52,5,1,,
69.952,0.5049,0.7607,0.2123,3.14,0.628,1264.9,5,1,,
70.016,0.5073,0.7611,0.1479,3.14,0.628,1232.89,5,1,,
70.08,0.5098,0.7614,0.086,3.14,0.628,1210.7,5,1,,
70.144,0.5123,0.7615,0.0216,3.14,0.628,1168.05,5,1,,
70.208,0.5147,0.7615,-0.0427,3.14,0.628,1133.47,5,1,,
70.272,0.5172,0.7613,-0.1046,3.14,0.628,1152.92,5,1,,
70.336,0.5196,0.761,-0.169,3.14,0.628,1134.01,5,1,,
70.4,0.5221,0.7605,-0.2309,3.14,0.628,1086.68,5,1,,
70.464,0.5245,0.7599,-0.2953,3.14,0.628,1056.41,5,1,,
70.528,0.5268,0.7591,-0.3596,3.14,0.628,1013.59,5,1,,
70.592,0.5291,0.7581,-0.4215,3.14,0.628,973.33,5,1,,
70.656,0.5313,0.7571,-0.4859,3.14,0.628,952.78,5,1,,
70.72,0.5335,0.7558,-0.5478,3.14,0.628,933.49,5,1,,
70.784,0.5355,0.7545,-0.6121,3.14,0.628,898.18,5,1,,
70.848,0.5375,0.753,-0.6765,3.14,0.628,840.26,5,1,,
70.912,0.5394,0.7514,-0.7384,3.14,0.628,832.03,5,1,,
70.976,0.5411,0.7497,-0.8028,3.14,0.628,890.9,5,1,,
71.04,0.5428,0.7478,-0.8647,3.14,0.628,794.81,5,1,,
71.104,0.5444,0.7459,-0.929,3.14,0.628,767.54,5,1,,
71.168,0.5458,0.7439,-0.9934,3.14,0.628,695.73,5,1,,
71.232,0.5471,0.7417,-1.0553,0.628,3.14,673.19,5,1,,
71.296,0.5483,0.7397,-0.9909,0.628,3.14,722.16,5,1,,
71.36,0.5498,0.7376,-0.929,0.628,3.14,740.87,5,1,,
71.424,0.5513,0.7357,-0.8647,0.628,3.14,710.87,5,1,,
71.488,0.5529,0.7339,-0.8003,0.628,3.14,734.16,5,1,,
71.552,0.5547,0.7321,-0.7384,0.628,3.14,836.84,5,1,,
71.616,0.5566,0.7305,-0.674,0.628,3.14,851.41,5,1,,
71.68,0.5586,0.729,-0.6121,0.628,3.14,899.14,5,1,,
71.744,0.5607,0.7277,-0.5478,0.628,3.14,910.25,5,1,,
71.808,0.5628,0.7265,-0.4834,0.628,3.14,952.72,5,1,,
71.872,0.5651,0.7254,-0.4215,0.628,3.14,1011.62,5,1,,
71.936,0.5673,0.7245,-0.3571,0.628,3.14,1070.87,5,1,,
72.0,0.5697,0.7237,-0.2953,0.628,3.14,1098.64,5,1,,
72.064,0.5721,0.723,-0.2309,0.628,3.14,1074.8,5,1,,
72.128,0.5744,0.7226,-0.169,0.628,3.14,1093.84,5,1,,
72.192,0.5769,0.7222,-0.1071,0.628,3.14,1119.16,5,1,,
72.256,0.5793,0.722,-0.0427,0.628,3.14,1154.7,5,1,,
72.32,0.5818,0.722,0.0192,0.628,3.14,1167.83,5,1,,
72.384,0.5843,0.7221,0.0835,0.628,3.14,1171.17,5,1,,
72.448,0.5867,0.7224,0.1479,0.628,3.14,1196.74,5,1,,
72.512,0.5892,0.7229,0.2098,0.628,3.14,1212.29,5,1,,
72.576,0.5915,0.7234,0.2742,0.628,3.14,1252.56,5,1,,
72.64,0.5939,0.7242,0.3361,0.628,3.14,1234.03,5,1,,
72.704,0.5962,0.7251,0.4004,0.628,3.14,1240.3,5,1,,
72.768,0.5984,0.7261,0.4648,0.628,3.14,1275.39,5,1,,
72.832,0.6006,0.7273,0.5267,0.628,3.14,1266.68,5,1,,
72.896,0.6027,0.7286,0.5911,0.628,3.14,1268.34,5,1,,
72.96,0.6048,0.7301,0.653,0.628,3.14,1258.78,5,1,,
73.024,0.6067,0.7316,0.7173,0.628,3.14,1287.84,5,1,,
73.088,0.6084,0.7333,0.7817,0.628,3.14,1293.45,5,1,,
73.152,0.6102,0.7351,0.8436,0.628,3.14,1301.98,5,1,,
73.216,0.6117,0.737,0.908,0.628,3.14,1292.88,5,1,,
73.28,0.6132,0.739,0.9699,0.628,3.14,1260.15,5,1,,
73.344,0.6145,0.7411,1.0342,0.628,3.14,1249.55,5,1,,
73.408,0.6157,0.7432,1.0986,0.628,3.14,1266.35,5,1,,
73.472,0.6168,0.7455,1.1605,0.628,3.14,1262.13,5,1,,
73.536,0.6177,0.7477,1.2249,0.628,3.14,1228.42,5,1,,
73.6,0.6185,0.7501,1.2868,0.628,3.14,1224.49,5,1,,
73.664,0.6191,0.7525,1.3511,0.628,3.14,1202.6,5,1,,
73.728,0.6195,0.7549,1.4155,0.628,3.14,1207.74,5,1,,
73.792,0.6199,0.7574,1.4774,0.628,3.14,1171.19,5,1,,
73.856,0.62,0.7598,1.5418,0.628,3.14,1165.98,5,1,,
73.92,0.62,0.7623,1.6037,0.628,3.14,1197.33,5,1,,
73.984,0.6198,0.7648,1.668,0.628,3.14,1152.2,5,1,,
74.048,0.6195,0.7672,1.7324,0.628,3.14,1133.46,5,1,,
74.112,0.619,0.7697,1.7943,0.628,3.14,1112.39,5,1,,
74.176,0.6184,0.772,1.8587,0.628,3.14,1065.72,5,1,,
74.24,0.6176,0.7744,1.9206,0.628,3.14,1105.03,5,1,,
74.304,0.6167,0.7767,1.9849,0.628,3.14,1158.65,5,1,,
74.368,0.6157,0.7789,2.0493,0.628,3.14,1166.78,5,1,,
74.432,0.6144,0.7811,2.1112,0.628,3.14,1227.77,5,1,,
74.496,0.6132,0.7831,2.1731,0.628,3.14,1265.71,5,1,,
74.56,0.6117,0.7851,2.235,0.628,3.14,1343.03,5,1,,
74.624,0.6101,0.787,2.2994,0.628,3.14,1374.79,5,1,,
74.688,0.6084,0.7888,2.3637,0.628,3.14,1421.96,5,1,,
74.752,0.6066,0.7905,2.4256,0.628,3.14,1451.58,5,1,,
74.816,0.6047,0.792,2.49,0.628,3.14,1488.44,5,1,,
74.88,0.6026,0.7935,2.5519,0.628,3.14,1515.52,5,1,,
74.944,0.6006,0.7948,2.6163,0.628,3.14,1559.96,5,1,,
75.008,0.5984,0.7959,2.6806,0.628,3.14,1579.76,5,1,,
75.072,0.5961,0.797,2.7425,0.628,3.14,1613.67,5,1,,
75.136,0.5938,0.7979,2.8069,0.628,3.14,1642.24,5,1,,
75.2,0.5914,0.7986,2.8688,0.628,3.14,1642.52,5,1,,
75.264,0.5891,0.7992,2.9332,0.628,3.14,1674.08,5,1,,
75.328,0.5867,0.7996,2.9975,0.628,3.14,1691.51,5,1,,
75.392,0.5842,0.7999,3.0594,0.628,3.14,1712.25,5,1,,
75.456,0.5817,0.8,3.1238,0.628,3.14,1727.33,5,1,,
75.52,0.5792,0.8,-3.0975,0.628,3.14,1748.6,5,1,,
75.584,0.5768,0.7998,-3.0331,0.628,3.14,1758.27,5,1,,
75.648,0.5744,0.7995,-2.9688,0.628,3.14,1767.23,5,1,,
75.712,0.5719,0.799,-2.9069,0.628,3.14,1765.56,5,1,,
75.776,0.5695,0.7983,-2.8425,0.628,3.14,1785.22,5,1,,
75.84,0.5672,0.7975,-2.7806,0.628,3.14,1788.99,5,1,,
75.904,0.5649,0.7966,-2.7162,0.628,3.14,1790.43,5,1,,
75.968,0.5627,0.7955,-2.6519,0.628,3.14,1812.54,5,1,,
76.032,0.5605,0.7942,-2.59,0.628,3.14,1817.49,5,1,,
76.096,0.5585,0.7929,-2.5256,0.628,3.14,1819.78,5,1,,
76.16,0.5565,0.7914,-2.4637,0.628,3.14,1822.78,5,1,,
76.224,0.5546,0.7898,-2.3993,0.628,3.14,1809.95,5,1,,
76.288,0.5529,0.7881,-2.335,0.628,3.14,1824.92,5,1,,
76.352,0.5512,0.7862,-2.2731,0.628,3.14,1820.29,5,1,,
76.416,0.5497,0.7843,-2.2087,0.628,3.14,1820.08,5,1,,
76.48,0.5482,0.7822,-2.1468,0.628,3.14,1816.45,5,1,,
76.544,0.547,0.7801,-2.0824,0.628,3.14,1812.18,5,1,,
76.608,0.5459,0.778,-2.0181,0.628,3.14,1795.43,5,1,,
76.672,0.5448,0.7757,-1.9562,0.628,3.14,1799.7,5,1,,
76.736,0.544,0.7734,-1.8918,0.628,3.14,1779.44,5,1,,
76.8,0.5433,0.771,-1.8299,0.628,3.14,1777.3,5,1,,
76.864,0.5427,0.7686,-1.768,0.628,3.14,1768.64,5,1,,
76.928,0.5423,0.7662,-1.7036,0.628,3.14,1762.29,5,1,,
76.992,0.5421,0.7637,-1.6418,0.628,3.14,1740.08,5,1,,
77.056,0.542,0.7613,-1.5774,0.628,3.14,1725.9,5,1,,
77.12,0.542,0.7588,-1.5155,0.628,3.14,1710.46,5,1,,
77.184,0.5423,0.7563,-1.4511,0.628,3.14,1693.71,5,1,,
77.248,0.5426,0.7539,-1.3867,0.628,3.14,1680.64,5,1,,
77.312,0.5432,0.7515,-1.3249,0.628,3.14,1644.96,5,1,,
77.376,0.5438,0.7491,-1.2605,0.628,3.14,1642.94,5,1,,
77.44,0.5447,0.7467,-1.1986,0.628,3.14,1605.51,5,1,,
77.504,0.5456,0.7445,-1.1342,0.628,3.14,1579.09,5,1,,
77.568,0.5467,0.7423,-1.0698,0.628,3.14,1552.93,5,1,,
77.632,0.548,0.7402,-1.008,0.628,3.14,1535.04,5,1,,
77.696,0.5494,0.7381,-0.9436,0.628,3.14,1496.17,5,1,,
77.76,0.5509,0.7361,-0.8817,0.628,3.14,1479.18,5,1,,
77.824,0.5525,0.7343,-0.8173,0.628,3.14,1472.04,5,1,,
77.888,0.5543,0.7326,-0.753,0.628,3.14,1442.81,5,1,,
77.952,0.5562,0.7309,-0.6911,0.628,3.14,1410.24,5,1,,
78.016,0.5581,0.7294,-0.6267,0.628,3.14,1361.96,5,1,,
78.08,0.5602,0.728,-0.5648,0.628,3.14,1327.68,5,1,,
78.144,0.5623,0.7268,-0.5004,0.628,3.14,1272.0,5,1,,
78.208,0.5645,0.7257,-0.4361,0.628,3.14,1179.28,5,1,,
78.272,0.5668,0.7247,-0.3742,0.628,3.14,1048.04,5,1,,
78.336,0.5691,0.7239,-0.3098,0.628,3.14,1033.38,5,1,,
78.4,0.5715,0.7232,-0.2479,0.628,3.14,924.19,5,1,,
78.464,0.5739,0.7226,-0.1835,0.628,3.14,905.2,5,1,,
78.528,0.5763,0.7223,-0.1192,0.628,3.14,821.63,5,1,,
78.592,0.5788,0.722,-0.0573,0.628,3.14,719.84,5,1,,
78.656,0.5812,0.722,0.0071,0.628,3.14,685.29,5,1,,
78.72,0.5837,0.7221,0.069,0.628,3.14,639.63,5,1,,
78.784,0.5862,0.7223,0.1334,0.628,3.14,615.87,5,1,,
78.848,0.5886,0.7227,0.1977,0.628,3.14,546.41,5,1,,
78.912,0.591,0.7233,0.2596,0.628,3.14,542.62,5,1,,
78.976,0.5934,0.724,0.324,0.628,3.14,510.4,5,1,,
79.04,0.5957,0.7249,0.3859,0.628,3.14,490.6,5,1,,
79.104,0.598,0.7259,0.4503,0.628,3.14,486.34,5,1,,
79.168,0.6001,0.727,0.5146,0.628,3.14,463.08,5,1,,
79.232,0.6022,0.7283,0.5741,0.628,3.14,442.72,5,1,,
79.296,0.6042,0.7297,0.6384,0.628,3.14,416.35,5,1,,
79.36,0.6062,0.7312,0.7003,0.628,3.14,387.54,5,1,,
79.424,0.608,0.7329,0.7647,0.628,3.14,380.83,5,1,,
79.488,0.6097,0.7346,0.8291,0.628,3.14,354.97,5,1,,
79.552,0.6114,0.7365,0.891,0.628,3.14,354.92,5,1,,
79.616,0.6128,0.7385,0.9553,0.628,3.14,344.59,5,1,,
79.68,0.6142,0.7406,1.0172,0.628,3.14,341.07,5,1,,
79.744,0.6154,0.7427,1.0816,0.628,3.14,334.27,5,1,,
79.808,0.6165,0.7449,1.146,0.628,3.14,310.87,5,1,,
79.872,0.6175,0.7472,1.2079,0.628,3.14,300.96,5,1,,
79.936,0.6183,0.7495,1.2722,5.761,-5.761,296.38,5,1,,
80.0,0.6183,0.7496,0.9826,4.845,-4.845,289.14,5,1,,
80.064,0.6183,0.7495,0.7375,4.065,-4.065,276.67,5,1,,
80.128,0.6183,0.7495,0.5344,3.422,-3.422,266.11,5,1,,
80.192,0.6183,0.7495,0.3611,2.872,-2.872,253.14,5,1,,
80.256,0.6183,0.7495,0.2176,2.417,-2.417,232.51,5,1,,
80.32,0.6183,0.7495,0.0938,2.024,-2.024,229.59,5,1,,
80.384,0.6183,0.7495,-0.0077,1.704,-1.704,220.02,5,1,,
80.448,0.6183,0.7495,-0.0944,1.428,-1.428,207.15,5,1,,
80.512,0.6183,0.7495,-0.1662,1.201,-1.201,202.05,5,1,,
80.576,0.6183,0.7495,-0.2256,1.013,-1.013,205.0,5,1,,
80.64,0.6183,0.7495,-0.2776,0.847,-0.847,191.93,5,1,,
80.704,0.6183,0.7495,-0.3197,0.714,-0.714,185.44,5,1,,
80.768,0.6183,0.7495,-0.3568,0.596,-0.596,172.16,5,1,,
80.832,0.6183,0.7495,-0.3865,0.502,-0.502,163.38,5,1,,
80.896,0.6183,0.7495,-0.4113,0.423,-0.423,161.0,5,1,,
80.96,0.6183,0.7495,-0.4336,0.353,-0.353,155.33,5,1,,
81.024,0.6183,0.7495,-0.4509,3.095,2.499,146.67,5,0,,
81.088,0.6216,0.7479,-0.4658,2.95,2.426,142.34,5,0,,
81.152,0.6247,0.7463,-0.4806,2.811,2.363,136.04,5,0,,
81.216,0.6277,0.7447,-0.4905,2.69,2.288,121.57,5,0,,
81.28,0.6306,0.7431,-0.5004,2.568,2.214,123.75,5,0,,
81.344,0.6333,0.7416,-0.5103,2.453,2.149,124.6,5,0,,
81.408,0.636,0.7402,-0.5178,2.347,2.078,108.54,5,0,,
81.472,0.6385,0.7387,-0.5252,2.243,2.012,108.14,5,0,,
81.536,0.6409,0.7373,-0.5301,2.149,1.941,103.76,5,0,,
81.6,0.6432,0.7359,-0.5351,2.058,1.873,104.84,5,0,,
81.664,0.6455,0.7346,-0.54,1.97,1.81,94.8,5,0,,
81.728,0.6476,0.7333,-0.545,1.886,1.752,85.35,5,0,,
81.792,0.6496,0.7321,-0.5475,1.811,1.687,85.1,5,0,,
81.856,0.6515,0.7309,-0.5499,1.739,1.627,75.62,5,0,,
81.92,0.6534,0.7297,-0.5524,1.668,1.567,70.94,5,0,,
81.984,0.6552,0.7286,-0.5549,1.6,1.511,72.14,5,0,,
82.048,0.6569,0.7276,-0.5574,1.535,1.458,73.04,5,0,,
82.112,0.6586,0.7265,-0.5598,1.47,1.407,71.32,5,0,,
82.176,0.6602,0.7255,-0.5623,1.409,1.359,68.46,5,0,,
82.24,0.6617,0.7246,-0.5623,1.357,1.305,70.62,5,0,,
82.304,0.6632,0.7236,-0.5648,1.299,1.261,70.25,5,0,,
82.368,0.6646,0.7227,-0.5648,1.251,1.211,69.52,5,0,,
82.432,0.666,0.7218,-0.5648,1.203,1.161,72.33,5,0,,
82.496,0.6673,0.721,-0.5673,1.152,1.125,69.46,5,0,,
82.56,0.6686,0.7202,-0.5673,1.108,1.08,67.68,5,0,,
82.624,0.6698,0.7195,-0.5673,1.067,1.038,68.37,5,0,,
82.688,0.671,0.7187,-0.5673,1.026,0.996,71.11,5,0,,
82.752,0.6721,0.718,-0.5697,0.979,0.963,67.18,5,0,,
82.816,0.6731,0.7173,-0.5722,0.935,0.935,70.07,5,0,,
82.88,0.6742,0.7166,-0.5697,0.908,0.891,70.67,5,0,,
82.944,0.6751,0.716,-0.5697,0.0,0.0,75.09,6,0,,
